title,ott
크레이지 리치 아시안,"{'streaming': {}, 'rent': {'Google Play Movies': 'https://play.google.com/store/movies/details/%25ED%2581%25AC%25EB%25A0%2588%25EC%259D%25B4%25EC%25A7%2580_%25EB%25A6%25AC%25EC%25B9%2598_%25EC%2595%2584%25EC%258B%259C%25EC%2595%2588?gl=KR%26hl=en%26id=lKTgtWLo6dA.P', 'Naver Store': 'http://serieson.naver.com/movie/detail.nhn?productNo=3778141', 'wavve': 'https://www.wavve.com/player/movie?movieid=MV_CD01_WR0000011558'}, 'buy': {'Google Play Movies': 'https://play.google.com/store/movies/details/%25ED%2581%25AC%25EB%25A0%2588%25EC%259D%25B4%25EC%25A7%2580_%25EB%25A6%25AC%25EC%25B9%2598_%25EC%2595%2584%25EC%258B%259C%25EC%2595%2588?gl=KR%26hl=en%26id=lKTgtWLo6dA.P', 'wavve': 'https://www.wavve.com/player/movie?movieid=MV_CD01_WR0000011558', 'Naver Store': 'http://serieson.naver.com/movie/detail.nhn?productNo=3778140'}}"
터미네이터: 다크 페이트,"{'streaming': {}, 'rent': {}, 'buy': {'wavve': 'https://www.wavve.com/player/movie?movieid=MV_CH01_FX0000011579', 'Naver Store': 'http://serieson.naver.com/movie/detail.nhn?productNo=4774343', 'Google Play Movies': 'https://play.google.com/store/movies/details/%25ED%2584%25B0%25EB%25AF%25B8%25EB%2584%25A4%25EC%259D%25B4%25ED%2584%25B0_%25EB%258B%25A4%25ED%2581%25AC_%25ED%258E%2598%25EC%259D%25B4%25ED%258A%25B8?gl=KR%26hl=en%26id=l_N218yDMLs.P'}}"
데드풀 2,"{'streaming': {}, 'rent': {}, 'buy': {'wavve': 'https://www.wavve.com/player/movie?movieid=MV_CH01_FX0000011529'}}"
포드 V 페라리,"{'streaming': {}, 'rent': {}, 'buy': {'wavve': 'https://www.wavve.com/player/movie?movieid=MV_CH01_FX0000011580', 'Naver Store': 'http://serieson.naver.com/movie/detail.nhn?productNo=4814839', 'Google Play Movies': 'https://play.google.com/store/movies/details/%25ED%258F%25AC%25EB%2593%259C_V_%25ED%258E%2598%25EB%259D%25BC%25EB%25A6%25AC_%25EC%259E%2590%25EB%25A7%2589%25ED%258C%2590?gl=KR%26hl=en%26id=80juQ7aaApQ'}}"
부탁 하나만 들어줘,"{'streaming': {}, 'rent': {'wavve': 'https://www.wavve.com/player/movie?movieid=MV_CW01_CW0000011270'}, 'buy': {'Google Play Movies': 'https://play.google.com/store/movies/details/%25EB%25B6%2580%25ED%2583%2581_%25ED%2595%2598%25EB%2582%2598%25EB%25A7%258C_%25EB%2593%25A4%25EC%2596%25B4%25EC%25A4%2598_%25EC%259E%2590%25EB%25A7%2589%25ED%258C%2590?gl=KR%26hl=en%26id=lRq7jDD8a8Q'}}"
메이즈 러너: 데스 큐어,"{'streaming': {}, 'rent': {}, 'buy': {'Naver Store': 'http://serieson.naver.com/movie/detail.nhn?productNo=3283018', 'Google Play Movies': 'https://play.google.com/store/movies/details/%25EB%25A9%2594%25EC%259D%25B4%25EC%25A6%2588_%25EB%259F%25AC%25EB%2584%2588_%25EB%258D%25B0%25EC%258A%25A4_%25ED%2581%2590%25EC%2596%25B4_%25EC%259E%2590%25EB%25A7%2589%25ED%258C%2590?gl=KR%26hl=en%26id=2noH4ZoA8lU', 'wavve': 'https://www.wavve.com/player/movie?movieid=MV_CH01_FX0000011462'}}"
아쿠아맨,"{'streaming': {}, 'rent': {'Google Play Movies': 'https://play.google.com/store/movies/details/%25EC%2595%2584%25EC%25BF%25A0%25EC%2595%2584%25EB%25A7%25A8?gl=KR%26hl=en%26id=ORQx1nhGL8M.P', 'Naver Store': 'http://serieson.naver.com/movie/detail.nhn?productNo=4018039', 'wavve': 'https://www.wavve.com/player/movie?movieid=MV_CD01_WR0000011563'}, 'buy': {'Google Play Movies': 'https://play.google.com/store/movies/details/%25EC%2595%2584%25EC%25BF%25A0%25EC%2595%2584%25EB%25A7%25A8?gl=KR%26hl=en%26id=ORQx1nhGL8M.P', 'wavve': 'https://www.wavve.com/player/movie?movieid=MV_CD01_WR0000011563', 'Naver Store': 'http://serieson.naver.com/movie/detail.nhn?productNo=3922857'}}"
다키스트 마인드,"{'streaming': {}, 'rent': {}, 'buy': {'Naver Store': 'http://serieson.naver.com/movie/detail.nhn?productNo=3664133', 'Google Play Movies': 'https://play.google.com/store/movies/details/%25EB%258B%25A4%25ED%2582%25A4%25EC%258A%25A4%25ED%258A%25B8_%25EB%25A7%2588%25EC%259D%25B8%25EB%2593%259C_%25EC%259E%2590%25EB%25A7%2589%25ED%258C%2590?gl=KR%26hl=en%26id=PJXDex2Cai4', 'wavve': 'https://www.wavve.com/player/movie?movieid=MV_CH01_FX0000011532'}}"
겨울왕국 2,"{'streaming': {}, 'rent': {}, 'buy': {'Naver Store': 'http://serieson.naver.com/movie/detail.nhn?productNo=4821120', 'Google Play Movies': 'https://play.google.com/store/movies/details/%25EA%25B2%25A8%25EC%259A%25B8%25EC%2599%2595%25EA%25B5%25AD_2_%25EC%259E%2590%25EB%25A7%2589%25ED%258C%2590?gl=KR%26hl=en%26id=9kTBYkw3zH8'}}"
결혼 이야기,"{'streaming': {'Netflix': 'http://www.netflix.com/title/80223779'}, 'rent': {}, 'buy': {}}"
존 윅 3: 파라벨룸,"{'streaming': {'wavve': 'https://www.wavve.com/player/movie?movieid=MV_CW01_CW0000011324'}, 'rent': {}, 'buy': {'Google Play Movies': 'https://play.google.com/store/movies/details/%25EC%25A1%25B4%25EC%259C%2585_3_%25ED%258C%258C%25EB%259D%25BC%25EB%25B2%25A8%25EB%25A3%25B8?gl=KR%26hl=en%26id=eDVvg9VQfwc.P'}}"
타오르는 여인의 초상,"{'streaming': {'Watcha': 'https://watcha.com/contents/mWyaxex'}, 'rent': {'wavve': 'https://www.wavve.com/player/movie?movieid=MV_CW01_CW0000011389', 'Naver Store': 'http://serieson.naver.com/movie/detail.nhn?productNo=4930093'}, 'buy': {'Naver Store': 'http://serieson.naver.com/movie/detail.nhn?productNo=4930092', 'Google Play Movies': 'https://play.google.com/store/movies/details/%25ED%2583%2580%25EC%2598%25A4%25EB%25A5%25B4%25EB%258A%2594_%25EC%2597%25AC%25EC%259D%25B8%25EC%259D%2598_%25EC%25B4%2588%25EC%2583%2581_%25EB%25B6%2580%25EA%25B0%2580%25EC%2598%2581%25EC%2583%2581_%25EC%25A0%259C%25EA%25B3%25B5?gl=KR%26hl=en%26id=JlRLsGWWkJ0.P'}}"
퍼스트 리폼드,"{'streaming': {'wavve': 'https://www.wavve.com/player/movie?movieid=MV_C901_SG0000117806', 'Watcha': 'https://watcha.com/contents/mWJyDQ8'}, 'rent': {'wavve': 'https://www.wavve.com/player/movie?movieid=MV_C901_SG0000117806', 'Google Play Movies': 'https://play.google.com/store/movies/details/%25ED%258D%25BC%25EC%258A%25A4%25ED%258A%25B8_%25EB%25A6%25AC%25ED%258F%25BC%25EB%2593%259C?gl=KR%26hl=en%26id=BbT-n67oALg.P'}, 'buy': {'Naver Store': 'http://serieson.naver.com/movie/detail.nhn?productNo=4123319', 'Google Play Movies': 'https://play.google.com/store/movies/details/%25ED%258D%25BC%25EC%258A%25A4%25ED%258A%25B8_%25EB%25A6%25AC%25ED%258F%25BC%25EB%2593%259C?gl=KR%26hl=en%26id=BbT-n67oALg.P'}}"
벌새,"{'streaming': {'Netflix': 'http://www.netflix.com/title/81092100'}, 'rent': {'wavve': 'https://www.wavve.com/player/movie?movieid=MV_CJ01_CA0000011638', 'Naver Store': 'http://serieson.naver.com/movie/detail.nhn?productNo=4619774', 'Google Play Movies': 'https://play.google.com/store/movies/details/%25EB%25B2%258C%25EC%2583%2588?gl=KR%26hl=en%26id=JooObPB2uxI.P'}, 'buy': {'Naver Store': 'http://serieson.naver.com/movie/detail.nhn?productNo=4619775'}}"
샤잠!,"{'streaming': {}, 'rent': {'Naver Store': 'http://serieson.naver.com/movie/detail.nhn?productNo=4139079'}, 'buy': {'Google Play Movies': 'https://play.google.com/store/movies/details/%25EC%2583%25A4%25EC%259E%25A0?gl=KR%26hl=en%26id=clQpbro9jeI.P', 'wavve': 'https://www.wavve.com/player/movie?movieid=MV_CD01_WR0000011569', 'Naver Store': 'http://serieson.naver.com/movie/detail.nhn?productNo=4139078'}}"
툴리,"{'streaming': {'Netflix': 'http://www.netflix.com/title/80216308', 'wavve': 'https://www.wavve.com/player/movie?movieid=MV_CJ01_CA0000011494'}, 'rent': {'wavve': 'https://www.wavve.com/player/movie?movieid=MV_CJ01_CA0000011494', 'Google Play Movies': 'https://play.google.com/store/movies/details/%25ED%2588%25B4%25EB%25A6%25AC?gl=KR%26hl=en%26id=VI99aB1crVU.P'}, 'buy': {'Naver Store': 'http://serieson.naver.com/movie/detail.nhn?productNo=3825500', 'Google Play Movies': 'https://play.google.com/store/movies/details/%25ED%2588%25B4%25EB%25A6%25AC?gl=KR%26hl=en%26id=VI99aB1crVU.P'}}"
맘마 미아! 2,"{'streaming': {}, 'rent': {'Google Play Movies': 'https://play.google.com/store/movies/details/%25EB%25A7%2598%25EB%25A7%2588%25EB%25AF%25B8%25EC%2595%2584_2_%25EC%259E%2590%25EB%25A7%2589%25ED%258C%2590?gl=KR%26hl=en%26id=LfFnNEig7Mo', 'Naver Store': 'http://serieson.naver.com/movie/detail.nhn?productNo=3702099'}, 'buy': {'Google Play Movies': 'https://play.google.com/store/movies/details/%25EB%25A7%2598%25EB%25A7%2588%25EB%25AF%25B8%25EC%2595%2584_2_%25EC%259E%2590%25EB%25A7%2589%25ED%258C%2590?gl=KR%26hl=en%26id=LfFnNEig7Mo', 'Naver Store': 'http://serieson.naver.com/movie/detail.nhn?productNo=3702098', 'wavve': 'https://www.wavve.com/player/movie?movieid=MV_CG01_NU0000011316'}}"
메가로돈,"{'streaming': {}, 'rent': {'Google Play Movies': 'https://play.google.com/store/movies/details/The_Meg?gl=KR%26hl=en%26id=u40LznZf4nE', 'Naver Store': 'http://serieson.naver.com/movie/detail.nhn?productNo=3687180'}, 'buy': {'Google Play Movies': 'https://play.google.com/store/movies/details/The_Meg?gl=KR%26hl=en%26id=u40LznZf4nE', 'wavve': 'https://www.wavve.com/player/movie?movieid=MV_CD01_WR0000011554', 'Naver Store': 'http://serieson.naver.com/movie/detail.nhn?productNo=3647468'}}"
앤트맨과 와스프,"{'streaming': {}, 'rent': {}, 'buy': {'Naver Store': 'http://serieson.naver.com/movie/detail.nhn?productNo=3668306', 'Google Play Movies': 'https://play.google.com/store/movies/details/%25EC%2595%25A4%25ED%258A%25B8%25EB%25A7%25A8%25EA%25B3%25BC_%25EC%2599%2580%25EC%258A%25A4%25ED%2594%2584_%25EB%258D%2594%25EB%25B9%2599%25ED%258C%2590?gl=KR%26hl=en%26id=2Bw6ZnU45Tk'}}"
사바하,"{'streaming': {'Netflix': 'http://www.netflix.com/title/81010699'}, 'rent': {'wavve': 'https://www.wavve.com/player/movie?movieid=MV_EN01_EN000000090', 'Naver Store': 'http://serieson.naver.com/movie/detail.nhn?productNo=4051982', 'Google Play Movies': 'https://play.google.com/store/movies/details/%25EC%2582%25AC%25EB%25B0%2594%25ED%2595%2598?gl=KR%26hl=en%26id=BQxpLBAV6sE.P'}, 'buy': {'wavve': 'https://www.wavve.com/player/movie?movieid=MV_EN01_EN000000090', 'Naver Store': 'http://serieson.naver.com/movie/detail.nhn?productNo=4051980', 'Google Play Movies': 'https://play.google.com/store/movies/details/%25EC%2582%25AC%25EB%25B0%2594%25ED%2595%2598?gl=KR%26hl=en%26id=BQxpLBAV6sE.P'}}"
레벨 16,"{'streaming': {}, 'rent': {'wavve': 'https://www.wavve.com/player/movie?movieid=MV_EN01_EN000000890', 'Naver Store': 'http://serieson.naver.com/movie/detail.nhn?productNo=5778856'}, 'buy': {'wavve': 'https://www.wavve.com/player/movie?movieid=MV_EN01_EN000000890', 'Naver Store': 'http://serieson.naver.com/movie/detail.nhn?productNo=5778855'}}"
호텔 뭄바이,"{'streaming': {'Netflix': 'http://www.netflix.com/title/81039222', 'wavve': 'https://www.wavve.com/player/movie?movieid=MV_CK01_TCO000012242', 'Watcha': 'https://watcha.com/contents/m5XKVr3'}, 'rent': {'wavve': 'https://www.wavve.com/player/movie?movieid=MV_CK01_TCO000012242', 'Google Play Movies': 'https://play.google.com/store/movies/details/%25ED%2598%25B8%25ED%2585%2594_%25EB%25AD%2584%25EB%25B0%2594%25EC%259D%25B4?gl=KR%26hl=en%26id=xx4EU1nW0Eg.P'}, 'buy': {'Naver Store': 'http://serieson.naver.com/movie/detail.nhn?productNo=4233063', 'Google Play Movies': 'https://play.google.com/store/movies/details/%25ED%2598%25B8%25ED%2585%2594_%25EB%25AD%2584%25EB%25B0%2594%25EC%259D%25B4?gl=KR%26hl=en%26id=xx4EU1nW0Eg.P'}}"
어느 일란성 세 쌍둥이의 재회,"{'streaming': {'Netflix': 'http://www.netflix.com/title/80240088'}, 'rent': {}, 'buy': {}}"
콜레트,"{'streaming': {'Watcha': 'https://watcha.com/contents/mWLjDLk'}, 'rent': {'Google Play Movies': 'https://play.google.com/store/movies/details/%25EC%25BD%259C%25EB%25A0%2588%25ED%258A%25B8?gl=KR%26hl=en%26id=SxA0wUaSflk.P'}, 'buy': {'Naver Store': 'http://serieson.naver.com/movie/detail.nhn?productNo=4089826', 'Google Play Movies': 'https://play.google.com/store/movies/details/%25EC%25BD%259C%25EB%25A0%2588%25ED%258A%25B8?gl=KR%26hl=en%26id=SxA0wUaSflk.P'}}"
바쿠라우,"{'streaming': {}, 'rent': {'wavve': 'https://www.wavve.com/player/movie?movieid=MV_CK01_TCO000012773', 'Google Play Movies': 'https://play.google.com/store/movies/details/%25EB%25B0%2594%25EC%25BF%25A0%25EB%259D%25BC%25EC%259A%25B0?gl=KR%26hl=en%26id=IRBZzFHGXJw.P'}, 'buy': {'Google Play Movies': 'https://play.google.com/store/movies/details/%25EB%25B0%2594%25EC%25BF%25A0%25EB%259D%25BC%25EC%259A%25B0?gl=KR%26hl=en%26id=IRBZzFHGXJw.P'}}"
더 프레데터,"{'streaming': {}, 'rent': {}, 'buy': {'wavve': 'https://www.wavve.com/player/movie?movieid=MV_CH01_FX0000011533', 'Google Play Movies': 'https://play.google.com/store/movies/details/%25EB%258D%2594_%25ED%2594%2584%25EB%25A0%2588%25EB%258D%25B0%25ED%2584%25B0_%25EC%259E%2590%25EB%25A7%2589%25ED%258C%2590?gl=KR%26hl=en%26id=gPunarlupV0'}}"
라스트 미션,"{'streaming': {}, 'rent': {'Naver Store': 'http://serieson.naver.com/movie/detail.nhn?productNo=4085012', 'wavve': 'https://www.wavve.com/player/movie?movieid=MV_CD01_WR0000011567'}, 'buy': {'Google Play Movies': 'https://play.google.com/store/movies/details/%25EB%259D%25BC%25EC%258A%25A4%25ED%258A%25B8_%25EB%25AF%25B8%25EC%2585%2598?gl=KR%26hl=en%26id=7iWuPR6xr1o', 'wavve': 'https://www.wavve.com/player/movie?movieid=MV_CD01_WR0000011567', 'Naver Store': 'http://serieson.naver.com/movie/detail.nhn?productNo=4085011'}}"
툼레이더,"{'streaming': {}, 'rent': {}, 'buy': {}}"
로켓맨,"{'streaming': {'Netflix': 'http://www.netflix.com/title/81044418'}, 'rent': {'Google Play Movies': 'https://play.google.com/store/movies/details/%25EB%25A1%259C%25EC%25BC%2593%25EB%25A7%25A8?gl=KR%26hl=en%26id=n-4PQ_RXVeU', 'wavve': 'https://www.wavve.com/player/movie?movieid=MV_CQ01_PT0000011271', 'Naver Store': 'http://serieson.naver.com/movie/detail.nhn?productNo=4301995'}, 'buy': {'Google Play Movies': 'https://play.google.com/store/movies/details/%25EB%25A1%259C%25EC%25BC%2593%25EB%25A7%25A8?gl=KR%26hl=en%26id=n-4PQ_RXVeU', 'wavve': 'https://www.wavve.com/player/movie?movieid=MV_CQ01_PT0000011271', 'Naver Store': 'http://serieson.naver.com/movie/detail.nhn?productNo=4301994'}}"
드래곤 길들이기 3,"{'streaming': {}, 'rent': {'Google Play Movies': 'https://play.google.com/store/movies/details/%25EB%2593%259C%25EB%259E%2598%25EA%25B3%25A4_%25EA%25B8%25B8%25EB%2593%25A4%25EC%259D%25B4%25EA%25B8%25B0_3_%25EB%258D%2594%25EB%25B9%2599%25ED%258C%2590?gl=KR%26hl=en%26id=KB_vEx6-cR8', 'wavve': 'https://www.wavve.com/player/movie?movieid=MV_CG01_NU0000011339', 'Naver Store': 'http://serieson.naver.com/movie/detail.nhn?productNo=4050056'}, 'buy': {'Google Play Movies': 'https://play.google.com/store/movies/details/%25EB%2593%259C%25EB%259E%2598%25EA%25B3%25A4_%25EA%25B8%25B8%25EB%2593%25A4%25EC%259D%25B4%25EA%25B8%25B0_3_%25EB%258D%2594%25EB%25B9%2599%25ED%258C%2590?gl=KR%26hl=en%26id=KB_vEx6-cR8', 'Naver Store': 'http://serieson.naver.com/movie/detail.nhn?productNo=4050055', 'wavve': 'https://www.wavve.com/player/movie?movieid=MV_CG01_NU0000011339'}}"
블랙클랜스맨,"{'streaming': {}, 'rent': {'Google Play Movies': 'https://play.google.com/store/movies/details/%25EB%25B8%2594%25EB%259E%2599%25ED%2581%25B4%25EB%259E%259C%25EC%258A%25A4%25EB%25A7%25A8_%25EC%259E%2590%25EB%25A7%2589%25ED%258C%2590?gl=KR%26hl=en%26id=n8iDRNdiq60', 'wavve': 'https://www.wavve.com/player/movie?movieid=MV_CG01_NU0000011328', 'Naver Store': 'http://serieson.naver.com/movie/detail.nhn?productNo=3800055'}, 'buy': {'Google Play Movies': 'https://play.google.com/store/movies/details/%25EB%25B8%2594%25EB%259E%2599%25ED%2581%25B4%25EB%259E%259C%25EC%258A%25A4%25EB%25A7%25A8_%25EC%259E%2590%25EB%25A7%2589%25ED%258C%2590?gl=KR%26hl=en%26id=n8iDRNdiq60', 'Naver Store': 'http://serieson.naver.com/movie/detail.nhn?productNo=3800054'}}"
서던 리치: 소멸의 땅,"{'streaming': {'Netflix': 'http://www.netflix.com/title/80206300'}, 'rent': {'Google Play Movies': 'https://play.google.com/store/movies/details/%25EC%2584%259C%25EB%258D%2598_%25EB%25A6%25AC%25EC%25B9%2598_%25EC%2586%258C%25EB%25A9%25B8%25EC%259D%2598_%25EB%2595%2585_%25EC%259E%2590%25EB%25A7%2589%25ED%258C%2590?gl=KR%26hl=en%26id=h_BRb8eRbX0', 'wavve': 'https://www.wavve.com/player/movie?movieid=MV_CQ01_PT0000011268'}, 'buy': {'Google Play Movies': 'https://play.google.com/store/movies/details/%25EC%2584%259C%25EB%258D%2598_%25EB%25A6%25AC%25EC%25B9%2598_%25EC%2586%258C%25EB%25A9%25B8%25EC%259D%2598_%25EB%2595%2585_%25EC%259E%2590%25EB%25A7%2589%25ED%258C%2590?gl=KR%26hl=en%26id=h_BRb8eRbX0', 'wavve': 'https://www.wavve.com/player/movie?movieid=MV_CQ01_PT0000011268'}}"
크리미널 스쿼드,"{'streaming': {'Netflix': 'http://www.netflix.com/title/80196448', 'wavve': 'https://www.wavve.com/player/movie?movieid=MV_C901_SG0000109882', 'Watcha': 'https://watcha.com/contents/mOPo03w'}, 'rent': {'wavve': 'https://www.wavve.com/player/movie?movieid=MV_C901_SG0000109882', 'Google Play Movies': 'https://play.google.com/store/movies/details/%25ED%2581%25AC%25EB%25A6%25AC%25EB%25AF%25B8%25EB%2584%2590_%25EC%258A%25A4%25EC%25BF%25BC%25EB%2593%259C?gl=KR%26hl=en%26id=TSigO-tleq4'}, 'buy': {'Naver Store': 'http://serieson.naver.com/movie/detail.nhn?productNo=3368379', 'Google Play Movies': 'https://play.google.com/store/movies/details/%25ED%2581%25AC%25EB%25A6%25AC%25EB%25AF%25B8%25EB%2584%2590_%25EC%258A%25A4%25EC%25BF%25BC%25EB%2593%259C?gl=KR%26hl=en%26id=TSigO-tleq4'}}"
미래의 미라이,"{'streaming': {'wavve': 'https://www.wavve.com/player/movie?movieid=MV_CT01_MBC000012402', 'Watcha': 'https://watcha.com/contents/mWqJwXK'}, 'rent': {'Google Play Movies': 'https://play.google.com/store/movies/details/%25EB%25AF%25B8%25EB%259E%2598%25EC%259D%2598_%25EB%25AF%25B8%25EB%259D%25BC%25EC%259D%25B4_%25EB%258D%2594%25EB%25B9%2599?gl=KR%26hl=en%26id=dM2KmgsVmJM.P', 'wavve': 'https://www.wavve.com/player/movie?movieid=MV_CT01_MBC000012402'}, 'buy': {'Google Play Movies': 'https://play.google.com/store/movies/details/%25EB%25AF%25B8%25EB%259E%2598%25EC%259D%2598_%25EB%25AF%25B8%25EB%259D%25BC%25EC%259D%25B4_%25EB%258D%2594%25EB%25B9%2599?gl=KR%26hl=en%26id=dM2KmgsVmJM.P'}}"
더 보이,"{'streaming': {}, 'rent': {'Google Play Movies': 'https://play.google.com/store/movies/details/%25EB%258D%2594_%25EB%25B3%25B4%25EC%259D%25B4_Brightburn_%25EC%259E%2590%25EB%25A7%2589%25ED%258C%2590?gl=KR%26hl=en%26id=B1rHGp9cvX0', 'Naver Store': 'http://serieson.naver.com/movie/detail.nhn?productNo=4273954'}, 'buy': {'Google Play Movies': 'https://play.google.com/store/movies/details/%25EB%258D%2594_%25EB%25B3%25B4%25EC%259D%25B4_Brightburn_%25EC%259E%2590%25EB%25A7%2589%25ED%258C%2590?gl=KR%26hl=en%26id=B1rHGp9cvX0', 'Naver Store': 'http://serieson.naver.com/movie/detail.nhn?productNo=4345140', 'wavve': 'https://www.wavve.com/player/movie?movieid=MV_CF01_SY0000011567'}}"
캣츠,"{'streaming': {'Netflix': 'http://www.netflix.com/title/81140928'}, 'rent': {'Google Play Movies': 'https://play.google.com/store/movies/details/%25EC%25BA%25A3%25EC%25B8%25A0?gl=KR%26hl=en%26id=RWbc6WDTA0w.P', 'Naver Store': 'http://serieson.naver.com/movie/detail.nhn?productNo=4811194'}, 'buy': {'Google Play Movies': 'https://play.google.com/store/movies/details/%25EC%25BA%25A3%25EC%25B8%25A0?gl=KR%26hl=en%26id=RWbc6WDTA0w.P', 'Naver Store': 'http://serieson.naver.com/movie/detail.nhn?productNo=4811193'}}"
퍼시픽 림: 업라이징,"{'streaming': {}, 'rent': {'Google Play Movies': 'https://play.google.com/store/movies/details/%25ED%258D%25BC%25EC%258B%259C%25ED%2594%25BD_%25EB%25A6%25BC_%25EC%2597%2585%25EB%259D%25BC%25EC%259D%25B4%25EC%25A7%2595_%25EC%259E%2590%25EB%25A7%2589%25ED%258C%2590?gl=KR%26hl=en%26id=k5R21UkSaDg', 'wavve': 'https://www.wavve.com/player/movie?movieid=MV_CG01_NU0000011308', 'Naver Store': 'http://serieson.naver.com/movie/detail.nhn?productNo=3353836'}, 'buy': {'Google Play Movies': 'https://play.google.com/store/movies/details/%25ED%258D%25BC%25EC%258B%259C%25ED%2594%25BD_%25EB%25A6%25BC_%25EC%2597%2585%25EB%259D%25BC%25EC%259D%25B4%25EC%25A7%2595_%25EC%259E%2590%25EB%25A7%2589%25ED%258C%2590?gl=KR%26hl=en%26id=k5R21UkSaDg', 'Naver Store': 'http://serieson.naver.com/movie/detail.nhn?productNo=3353835', 'wavve': 'https://www.wavve.com/player/movie?movieid=MV_CG01_NU0000011308'}}"
하이 라이프,"{'streaming': {'Netflix': 'http://www.netflix.com/title/81032217', 'wavve': 'https://www.wavve.com/player/movie?movieid=MV_C901_SG0000123717'}, 'rent': {'wavve': 'https://www.wavve.com/player/movie?movieid=MV_C901_SG0000123717', 'Google Play Movies': 'https://play.google.com/store/movies/details/%25ED%2595%2598%25EC%259D%25B4_%25EB%259D%25BC%25EC%259D%25B4%25ED%2594%2584?gl=KR%26hl=en%26id=93rFOTGQPQ8.P'}, 'buy': {'Google Play Movies': 'https://play.google.com/store/movies/details/%25ED%2595%2598%25EC%259D%25B4_%25EB%259D%25BC%25EC%259D%25B4%25ED%2594%2584?gl=KR%26hl=en%26id=93rFOTGQPQ8.P'}}"
굿 라이어,"{'streaming': {}, 'rent': {}, 'buy': {'Google Play Movies': 'https://play.google.com/store/movies/details/%25EA%25B5%25BF_%25EB%259D%25BC%25EC%259D%25B4%25EC%2596%25B4?gl=KR%26hl=en%26id=sZPZYgkWtqw.P', 'Naver Store': 'http://serieson.naver.com/movie/detail.nhn?productNo=4757512'}}"
퓨쳐 월드,"{'streaming': {'wavve': 'https://www.wavve.com/player/movie?movieid=MV_CU01_DL0000011632', 'Watcha': 'https://watcha.com/contents/mdM4y7R'}, 'rent': {'wavve': 'https://www.wavve.com/player/movie?movieid=MV_CU01_DL0000011632', 'Google Play Movies': 'https://play.google.com/store/movies/details/%25ED%2593%25A8%25EC%25B3%2590_%25EC%259B%2594%25EB%2593%259C_%25EC%259E%2590%25EB%25A7%2589%25ED%258C%2590?gl=KR%26hl=en%26id=Z2Wmudox4WM'}, 'buy': {'Naver Store': 'http://serieson.naver.com/movie/detail.nhn?productNo=3704985', 'Google Play Movies': 'https://play.google.com/store/movies/details/%25ED%2593%25A8%25EC%25B3%2590_%25EC%259B%2594%25EB%2593%259C_%25EC%259E%2590%25EB%25A7%2589%25ED%258C%2590?gl=KR%26hl=en%26id=Z2Wmudox4WM'}}"
스카이스크래퍼,"{'streaming': {}, 'rent': {'Google Play Movies': 'https://play.google.com/store/movies/details/%25EC%258A%25A4%25EC%25B9%25B4%25EC%259D%25B4%25EC%258A%25A4%25ED%2581%25AC%25EB%259E%2598%25ED%258D%25BC_%25EC%259E%2590%25EB%25A7%2589%25ED%258C%2590?gl=KR%26hl=en%26id=hQ961lWuFvk', 'Naver Store': 'http://serieson.naver.com/movie/detail.nhn?productNo=3559118'}, 'buy': {'Google Play Movies': 'https://play.google.com/store/movies/details/%25EC%258A%25A4%25EC%25B9%25B4%25EC%259D%25B4%25EC%258A%25A4%25ED%2581%25AC%25EB%259E%2598%25ED%258D%25BC_%25EC%259E%2590%25EB%25A7%2589%25ED%258C%2590?gl=KR%26hl=en%26id=hQ961lWuFvk', 'Naver Store': 'http://serieson.naver.com/movie/detail.nhn?productNo=3559117', 'wavve': 'https://www.wavve.com/player/movie?movieid=MV_CG01_NU0000011314'}}"
건지 감자껍질파이 북클럽,"{'streaming': {'Netflix': 'http://www.netflix.com/title/80223371'}, 'rent': {}, 'buy': {}}"
울프 콜,"{'streaming': {}, 'rent': {'wavve': 'https://www.wavve.com/player/movie?movieid=MV_CU01_DL0000012154', 'Naver Store': 'http://serieson.naver.com/movie/detail.nhn?productNo=4979388', 'Google Play Movies': 'https://play.google.com/store/movies/details/%25EC%259A%25B8%25ED%2594%2584_%25EC%25BD%259C?gl=KR%26hl=en%26id=96tmxQxlxAk.P'}, 'buy': {'Naver Store': 'http://serieson.naver.com/movie/detail.nhn?productNo=4971634', 'Google Play Movies': 'https://play.google.com/store/movies/details/%25EC%259A%25B8%25ED%2594%2584_%25EC%25BD%259C?gl=KR%26hl=en%26id=96tmxQxlxAk.P'}}"
날씨의 아이,"{'streaming': {'Netflix': 'http://www.netflix.com/title/81172898', 'wavve': 'https://www.wavve.com/player/movie?movieid=MV_CK01_TCO000012463', 'Watcha': 'https://watcha.com/contents/m5nwoZ9'}, 'rent': {'wavve': 'https://www.wavve.com/player/movie?movieid=MV_CK01_TCO000012463'}, 'buy': {'Naver Store': 'http://serieson.naver.com/movie/detail.nhn?productNo=5155604', 'Google Play Movies': 'https://play.google.com/store/movies/details/%25EB%2582%25A0%25EC%2594%25A8%25EC%259D%2598_%25EC%2595%2584%25EC%259D%25B4_%25EB%258D%2594%25EB%25B9%2599?gl=KR%26hl=en%26id=_SCfBKeagxY.P'}}"
협상,"{'streaming': {'Netflix': 'http://www.netflix.com/title/81031587', 'Watcha': 'https://watcha.com/contents/m5QqAPG'}, 'rent': {'wavve': 'https://www.wavve.com/player/movie?movieid=MV_EN01_EN000000092', 'Naver Store': 'http://serieson.naver.com/movie/detail.nhn?productNo=3697127', 'Google Play Movies': 'https://play.google.com/store/movies/details/%25ED%2598%2591%25EC%2583%2581?gl=KR%26hl=en%26id=gy2jSx8TDco'}, 'buy': {'wavve': 'https://www.wavve.com/player/movie?movieid=MV_EN01_EN000000092', 'Naver Store': 'http://serieson.naver.com/movie/detail.nhn?productNo=3697125', 'Google Play Movies': 'https://play.google.com/store/movies/details/%25ED%2598%2591%25EC%2583%2581?gl=KR%26hl=en%26id=gy2jSx8TDco'}}"
콜 투 스파이,"{'streaming': {}, 'rent': {}, 'buy': {}}"
더 킹: 헨리 5세,"{'streaming': {'Netflix': 'http://www.netflix.com/title/80182016'}, 'rent': {}, 'buy': {}}"
페인 앤 글로리,"{'streaming': {}, 'rent': {}, 'buy': {'Google Play Movies': 'https://play.google.com/store/movies/details/%25ED%258E%2598%25EC%259D%25B8_%25EC%2595%25A4_%25EA%25B8%2580%25EB%25A1%259C%25EB%25A6%25AC?gl=KR%26hl=en%26id=KHQ_yX4_0-Y.P'}}"
나의 히어로 아카데미아 더 무비: 히어로즈 라이징,"{'streaming': {}, 'rent': {'wavve': 'https://www.wavve.com/player/movie?movieid=MV_CR01_DN0000011229'}, 'buy': {}}"
베이비티스,"{'streaming': {'wavve': 'https://www.wavve.com/player/movie?movieid=MV_CK01_TCO000012591'}, 'rent': {'wavve': 'https://www.wavve.com/player/movie?movieid=MV_CK01_TCO000012591', 'Google Play Movies': 'https://play.google.com/store/movies/details/%25EB%25B2%25A0%25EC%259D%25B4%25EB%25B9%2584%25ED%258B%25B0%25EC%258A%25A4?gl=KR%26hl=en%26id=it2fDtphKtM.P'}, 'buy': {'Naver Store': 'http://serieson.naver.com/movie/detail.nhn?productNo=5663620', 'Google Play Movies': 'https://play.google.com/store/movies/details/%25EB%25B2%25A0%25EC%259D%25B4%25EB%25B9%2584%25ED%258B%25B0%25EC%258A%25A4?gl=KR%26hl=en%26id=it2fDtphKtM.P'}}"
아이리시맨,"{'streaming': {'Netflix': 'http://www.netflix.com/title/80175798'}, 'rent': {}, 'buy': {}}"
T-34,"{'streaming': {'wavve': 'https://www.wavve.com/player/movie?movieid=MV_C901_SG0000119365', 'Watcha': 'https://watcha.com/contents/mdMB6vl'}, 'rent': {'wavve': 'https://www.wavve.com/player/movie?movieid=MV_C901_SG0000119365', 'Google Play Movies': 'https://play.google.com/store/movies/details/T_34?gl=KR%26hl=en%26id=RfRg6fyKkow.P'}, 'buy': {'Naver Store': 'http://serieson.naver.com/movie/detail.nhn?productNo=4238260', 'Google Play Movies': 'https://play.google.com/store/movies/details/T_34?gl=KR%26hl=en%26id=RfRg6fyKkow.P'}}"
핫 썸머 나이츠,"{'streaming': {'wavve': 'https://www.wavve.com/player/movie?movieid=MV_JA01_JA0000000020', 'Watcha': 'https://watcha.com/contents/m5NV9oE'}, 'rent': {'wavve': 'https://www.wavve.com/player/movie?movieid=MV_JA01_JA0000000020', 'Google Play Movies': 'https://play.google.com/store/movies/details/%25ED%2595%25AB_%25EC%258D%25B8%25EB%25A8%25B8_%25EB%2582%2598%25EC%259D%25B4%25EC%25B8%25A0?gl=KR%26hl=en%26id=ObxgXDMmnD4.P'}, 'buy': {'Naver Store': 'http://serieson.naver.com/movie/detail.nhn?productNo=3735135'}}"
피노키오,"{'streaming': {}, 'rent': {'Google Play Movies': 'https://play.google.com/store/movies/details/%25ED%2594%25BC%25EB%2585%25B8%25ED%2582%25A4%25EC%2598%25A4?gl=KR%26hl=en%26id=vVhUE_xZTfU.P'}, 'buy': {'Google Play Movies': 'https://play.google.com/store/movies/details/%25ED%2594%25BC%25EB%2585%25B8%25ED%2582%25A4%25EC%2598%25A4?gl=KR%26hl=en%26id=vVhUE_xZTfU.P'}}"
허니 보이,"{'streaming': {}, 'rent': {'Google Play Movies': 'https://play.google.com/store/movies/details/%25ED%2597%2588%25EB%258B%2588_%25EB%25B3%25B4%25EC%259D%25B4?gl=KR%26hl=en%26id=vOrPZzpYEkg.P', 'Naver Store': 'http://serieson.naver.com/movie/detail.nhn?productNo=4967497'}, 'buy': {'Google Play Movies': 'https://play.google.com/store/movies/details/%25ED%2597%2588%25EB%258B%2588_%25EB%25B3%25B4%25EC%259D%25B4?gl=KR%26hl=en%26id=vOrPZzpYEkg.P', 'Naver Store': 'http://serieson.naver.com/movie/detail.nhn?productNo=5042390'}}"
데이 쉘 낫 그로우 올드,"{'streaming': {}, 'rent': {}, 'buy': {}}"
아메리칸 애니멀스,"{'streaming': {'wavve': 'https://www.wavve.com/player/movie?movieid=MV_JA01_JA0000000525', 'Watcha': 'https://watcha.com/contents/mOPo0pX'}, 'rent': {'wavve': 'https://www.wavve.com/player/movie?movieid=MV_JA01_JA0000000525', 'Google Play Movies': 'https://play.google.com/store/movies/details/%25EC%2595%2584%25EB%25A9%2594%25EB%25A6%25AC%25EC%25B9%25B8_%25EC%2595%25A0%25EB%258B%2588%25EB%25A9%2580%25EC%258A%25A4?gl=KR%26hl=en%26id=haBBm7vV39U.P'}, 'buy': {'Naver Store': 'http://serieson.naver.com/movie/detail.nhn?productNo=5787930'}}"
와인 패밀리,"{'streaming': {'wavve': 'https://www.wavve.com/player/movie?movieid=MV_CU01_DL0000012892'}, 'rent': {'wavve': 'https://www.wavve.com/player/movie?movieid=MV_CU01_DL0000012892', 'Google Play Movies': 'https://play.google.com/store/movies/details/%25EC%2599%2580%25EC%259D%25B8_%25ED%258C%25A8%25EB%25B0%2580%25EB%25A6%25AC?gl=KR%26hl=en%26id=710TVBOd0rY.P'}, 'buy': {'Google Play Movies': 'https://play.google.com/store/movies/details/%25EC%2599%2580%25EC%259D%25B8_%25ED%258C%25A8%25EB%25B0%2580%25EB%25A6%25AC?gl=KR%26hl=en%26id=710TVBOd0rY.P'}}"
헌터 킬러,"{'streaming': {'Netflix': 'http://www.netflix.com/title/80993331', 'wavve': 'https://www.wavve.com/player/movie?movieid=MV_C901_SG0000114970', 'Watcha': 'https://watcha.com/contents/mOVemZW'}, 'rent': {'wavve': 'https://www.wavve.com/player/movie?movieid=MV_C901_SG0000114970'}, 'buy': {'Naver Store': 'http://serieson.naver.com/movie/detail.nhn?productNo=3837076'}}"
라이프 잇셀프,"{'streaming': {}, 'rent': {}, 'buy': {}}"
클라우스,"{'streaming': {'Netflix': 'http://www.netflix.com/title/80183187'}, 'rent': {}, 'buy': {}}"
언세인,"{'streaming': {}, 'rent': {}, 'buy': {}}"
무서운 이야기 : 오두막의 악마,"{'streaming': {}, 'rent': {'wavve': 'https://www.wavve.com/player/movie?movieid=MV_LX01_LX0000000363'}, 'buy': {}}"
스투버,"{'streaming': {}, 'rent': {}, 'buy': {'Naver Store': 'http://serieson.naver.com/movie/detail.nhn?productNo=4517751', 'Google Play Movies': 'https://play.google.com/store/movies/details/Stuber_%25EC%259E%2590%25EB%25A7%2589%25ED%258C%2590?gl=KR%26hl=en%26id=Is5NWjnqT6A', 'wavve': 'https://www.wavve.com/player/movie?movieid=MV_CH01_FX0000011574'}}"
블라인드스포팅,"{'streaming': {}, 'rent': {'Google Play Movies': 'https://play.google.com/store/movies/details/%25EB%25B8%2594%25EB%259D%25BC%25EC%259D%25B8%25EB%2593%259C%25EC%258A%25A4%25ED%258F%25AC%25ED%258C%2585_%25EC%259E%2590%25EB%25A7%2589%25ED%258C%2590?gl=KR%26hl=en%26id=j4WPUA0bJYU'}, 'buy': {'Google Play Movies': 'https://play.google.com/store/movies/details/%25EB%25B8%2594%25EB%259D%25BC%25EC%259D%25B8%25EB%2593%259C%25EC%258A%25A4%25ED%258F%25AC%25ED%258C%2585_%25EC%259E%2590%25EB%25A7%2589%25ED%258C%2590?gl=KR%26hl=en%26id=j4WPUA0bJYU'}}"
그링고,"{'streaming': {'Netflix': 'http://www.netflix.com/title/80208078', 'Watcha': 'https://watcha.com/contents/mdEwrKg'}, 'rent': {'wavve': 'https://www.wavve.com/player/movie?movieid=MV_EN01_EN000000438', 'Naver Store': 'http://serieson.naver.com/movie/detail.nhn?productNo=4944686', 'Google Play Movies': 'https://play.google.com/store/movies/details/%25EA%25B7%25B8%25EB%25A7%2581%25EA%25B3%25A0?gl=KR%26hl=en%26id=gZmsDFJ8r54.P'}, 'buy': {'wavve': 'https://www.wavve.com/player/movie?movieid=MV_EN01_EN000000438', 'Naver Store': 'http://serieson.naver.com/movie/detail.nhn?productNo=4944685', 'Google Play Movies': 'https://play.google.com/store/movies/details/%25EA%25B7%25B8%25EB%25A7%2581%25EA%25B3%25A0?gl=KR%26hl=en%26id=gZmsDFJ8r54.P'}}"
벽 속에 숨은 마법시계,"{'streaming': {'Netflix': 'http://www.netflix.com/title/80986886', 'Watcha': 'https://watcha.com/contents/mWyJwjN'}, 'rent': {'wavve': 'https://www.wavve.com/player/movie?movieid=MV_EN01_EN000000260', 'Naver Store': 'http://serieson.naver.com/movie/detail.nhn?productNo=3841605'}, 'buy': {'wavve': 'https://www.wavve.com/player/movie?movieid=MV_EN01_EN000000260', 'Naver Store': 'http://serieson.naver.com/movie/detail.nhn?productNo=3841603'}}"
프라이빗 워,"{'streaming': {}, 'rent': {'Google Play Movies': 'https://play.google.com/store/movies/details/%25ED%2594%2584%25EB%259D%25BC%25EC%259D%25B4%25EB%25B9%2597_%25EC%259B%258C?gl=KR%26hl=en%26id=2Pczap8arpc.P'}, 'buy': {'Google Play Movies': 'https://play.google.com/store/movies/details/%25ED%2594%2584%25EB%259D%25BC%25EC%259D%25B4%25EB%25B9%2597_%25EC%259B%258C?gl=KR%26hl=en%26id=2Pczap8arpc.P', 'Naver Store': 'http://serieson.naver.com/movie/detail.nhn?productNo=4408961'}}"
한 솔로: 스타워즈 스토리,"{'streaming': {}, 'rent': {}, 'buy': {'Naver Store': 'http://serieson.naver.com/movie/detail.nhn?productNo=3688737', 'Google Play Movies': 'https://play.google.com/store/movies/details/%25ED%2595%259C_%25EC%2586%2594%25EB%25A1%259C_%25EC%258A%25A4%25ED%2583%2580%25EC%259B%258C%25EC%25A6%2588_%25EC%258A%25A4%25ED%2586%25A0%25EB%25A6%25AC_%25EC%259E%2590%25EB%25A7%2589%25ED%258C%2590?gl=KR%26hl=en%26id=vvtkAnYJ7Aw'}}"
레 미제라블,"{'streaming': {}, 'rent': {'wavve': 'https://www.wavve.com/player/movie?movieid=MV_CT01_MBC000013651', 'Google Play Movies': 'https://play.google.com/store/movies/details/%25EB%25A0%2588_%25EB%25AF%25B8%25EC%25A0%259C%25EB%259D%25BC%25EB%25B8%2594?gl=KR%26hl=en%26id=uNWo2CjJQ9g.P'}, 'buy': {'Naver Store': 'http://serieson.naver.com/movie/detail.nhn?productNo=6166914', 'Google Play Movies': 'https://play.google.com/store/movies/details/%25EB%25A0%2588_%25EB%25AF%25B8%25EC%25A0%259C%25EB%259D%25BC%25EB%25B8%2594?gl=KR%26hl=en%26id=uNWo2CjJQ9g.P'}}"
캡티브 스테이트,"{'streaming': {'Watcha': 'https://watcha.com/contents/m5m1mgB'}, 'rent': {'wavve': 'https://www.wavve.com/player/movie?movieid=MV_EN01_EN000000764', 'Naver Store': 'http://serieson.naver.com/movie/detail.nhn?productNo=4955306'}, 'buy': {'wavve': 'https://www.wavve.com/player/movie?movieid=MV_EN01_EN000000764', 'Naver Store': 'http://serieson.naver.com/movie/detail.nhn?productNo=4955307'}}"
버드 박스,"{'streaming': {'Netflix': 'http://www.netflix.com/title/80196789'}, 'rent': {}, 'buy': {}}"
보희와 녹양,"{'streaming': {'Watcha': 'https://watcha.com/contents/mdREP9K'}, 'rent': {'wavve': 'https://www.wavve.com/player/movie?movieid=MV_CJ01_CA0000011591', 'Google Play Movies': 'https://play.google.com/store/movies/details/%25EB%25B3%25B4%25ED%259D%25AC%25EC%2599%2580_%25EB%2585%25B9%25EC%2596%2591?gl=KR%26hl=en%26id=ABZ14VEGNYQ.P'}, 'buy': {'Naver Store': 'http://serieson.naver.com/movie/detail.nhn?productNo=4302008', 'Google Play Movies': 'https://play.google.com/store/movies/details/%25EB%25B3%25B4%25ED%259D%25AC%25EC%2599%2580_%25EB%2585%25B9%25EC%2596%2591?gl=KR%26hl=en%26id=ABZ14VEGNYQ.P'}}"
Heroic Losers,"{'streaming': {}, 'rent': {}, 'buy': {}}"
앵그리 버드 2: 독수리 왕국의 침공,"{'streaming': {'Watcha': 'https://watcha.com/contents/mdjav4q'}, 'rent': {'Google Play Movies': 'https://play.google.com/store/movies/details/%25EC%2595%25B5%25EA%25B7%25B8%25EB%25A6%25AC_%25EB%25B2%2584%25EB%2593%259C_2_%25EB%258F%2585%25EC%2588%2598%25EB%25A6%25AC_%25EC%2599%2595%25EA%25B5%25AD%25EC%259D%2598_%25EC%25B9%25A8%25EA%25B3%25B5_%25EC%259E%2590%25EB%25A7%2589%25ED%258C%2590?gl=KR%26hl=en%26id=AOoYuCKh2RE', 'Naver Store': 'http://serieson.naver.com/movie/detail.nhn?productNo=4561472'}, 'buy': {'Google Play Movies': 'https://play.google.com/store/movies/details/%25EC%2595%25B5%25EA%25B7%25B8%25EB%25A6%25AC_%25EB%25B2%2584%25EB%2593%259C_2_%25EB%258F%2585%25EC%2588%2598%25EB%25A6%25AC_%25EC%2599%2595%25EA%25B5%25AD%25EC%259D%2598_%25EC%25B9%25A8%25EA%25B3%25B5_%25EC%259E%2590%25EB%25A7%2589%25ED%258C%2590?gl=KR%26hl=en%26id=AOoYuCKh2RE', 'Naver Store': 'http://serieson.naver.com/movie/detail.nhn?productNo=4529711', 'wavve': 'https://www.wavve.com/player/movie?movieid=MV_CF01_SY0000011582'}}"
아이 필 프리티,"{'streaming': {'Watcha': 'https://watcha.com/contents/mOgBjxN'}, 'rent': {'wavve': 'https://www.wavve.com/player/movie?movieid=MV_CW01_CW0000011217'}, 'buy': {'Naver Store': 'http://serieson.naver.com/movie/detail.nhn?productNo=3478480', 'Google Play Movies': 'https://play.google.com/store/movies/details/%25EC%2595%2584%25EC%259D%25B4_%25ED%2595%2584_%25ED%2594%2584%25EB%25A6%25AC%25ED%258B%25B0_%25EC%259E%2590%25EB%25A7%2589%25ED%258C%2590?gl=KR%26hl=en%26id=KiaHYwsv8Og'}}"
코드 8,"{'streaming': {'Netflix': 'http://www.netflix.com/title/81194641', 'wavve': 'https://www.wavve.com/player/movie?movieid=MV_CK01_TCO000012496', 'Watcha': 'https://watcha.com/contents/m53m3y6'}, 'rent': {'wavve': 'https://www.wavve.com/player/movie?movieid=MV_CK01_TCO000012496'}, 'buy': {'Naver Store': 'http://serieson.naver.com/movie/detail.nhn?productNo=5282544'}}"
더 게이트,"{'streaming': {}, 'rent': {'wavve': 'https://www.wavve.com/player/movie?movieid=MV_EN01_EN000000889', 'Naver Store': 'http://serieson.naver.com/movie/detail.nhn?productNo=5737577'}, 'buy': {'wavve': 'https://www.wavve.com/player/movie?movieid=MV_EN01_EN000000889', 'Naver Store': 'http://serieson.naver.com/movie/detail.nhn?productNo=5737578'}}"
라스트 블랙 맨 인 샌프란시스코,"{'streaming': {}, 'rent': {}, 'buy': {}}"
트루 시크릿,"{'streaming': {}, 'rent': {'wavve': 'https://www.wavve.com/player/movie?movieid=MV_CK01_TCO000012325', 'Google Play Movies': 'https://play.google.com/store/movies/details/%25ED%258A%25B8%25EB%25A3%25A8_%25EC%258B%259C%25ED%2581%25AC%25EB%25A6%25BF?gl=KR%26hl=en%26id=2DJnW7OfBws.P'}, 'buy': {'Google Play Movies': 'https://play.google.com/store/movies/details/%25ED%258A%25B8%25EB%25A3%25A8_%25EC%258B%259C%25ED%2581%25AC%25EB%25A6%25BF?gl=KR%26hl=en%26id=2DJnW7OfBws.P'}}"
배드 사마리안,"{'streaming': {'Netflix': 'http://www.netflix.com/title/80243042', 'Watcha': 'https://watcha.com/contents/mWJyxrR'}, 'rent': {'wavve': 'https://www.wavve.com/player/movie?movieid=MV_EN01_EN000000576', 'Naver Store': 'http://serieson.naver.com/movie/detail.nhn?productNo=3716457', 'Google Play Movies': 'https://play.google.com/store/movies/details/%25EB%25B0%25B0%25EB%2593%259C_%25EC%2582%25AC%25EB%25A7%2588%25EB%25A6%25AC%25EC%2595%2588_%25EC%259E%2590%25EB%25A7%2589%25ED%258C%2590?gl=KR%26hl=en%26id=N9Rd_54tZMs'}, 'buy': {'wavve': 'https://www.wavve.com/player/movie?movieid=MV_EN01_EN000000576', 'Naver Store': 'http://serieson.naver.com/movie/detail.nhn?productNo=3716455', 'Google Play Movies': 'https://play.google.com/store/movies/details/%25EB%25B0%25B0%25EB%2593%259C_%25EC%2582%25AC%25EB%25A7%2588%25EB%25A6%25AC%25EC%2595%2588_%25EC%259E%2590%25EB%25A7%2589%25ED%258C%2590?gl=KR%26hl=en%26id=N9Rd_54tZMs'}}"
돈 워리,"{'streaming': {'Amazon Prime Video': 'https://app.primevideo.com/detail?gti=amzn1.dv.gti.50b372f3-cd1b-deca-d6c2-d201aa9df4e4'}, 'rent': {'wavve': 'https://www.wavve.com/player/movie?movieid=MV_CW01_CW0000011322'}, 'buy': {'Naver Store': 'http://serieson.naver.com/movie/detail.nhn?productNo=4392370', 'Google Play Movies': 'https://play.google.com/store/movies/details/%25EB%258F%2588_%25EC%259B%258C%25EB%25A6%25AC_%25EC%259E%2590%25EB%25A7%2589%25ED%258C%2590?gl=KR%26hl=en%26id=ck4rI0bv7Vs'}}"
워킹 데드 나잇,"{'streaming': {'Watcha': 'https://watcha.com/contents/mWpmbgA'}, 'rent': {'wavve': 'https://www.wavve.com/player/movie?movieid=MV_CW01_CW0000011228'}, 'buy': {'Naver Store': 'http://serieson.naver.com/movie/detail.nhn?productNo=3578397', 'Google Play Movies': 'https://play.google.com/store/movies/details/%25EC%259B%258C%25ED%2582%25B9_%25EB%258D%25B0%25EB%2593%259C_%25EB%2582%2598%25EC%259E%2587_%25EC%259E%2590%25EB%25A7%2589%25ED%258C%2590?gl=KR%26hl=en%26id=xNqznYsr9ok'}}"
마틴 에덴,"{'streaming': {}, 'rent': {'wavve': 'https://www.wavve.com/player/movie?movieid=MV_CK01_TCO000012596', 'Google Play Movies': 'https://play.google.com/store/movies/details/%25EB%25A7%2588%25ED%258B%25B4_%25EC%2597%2590%25EB%258D%25B4?gl=KR%26hl=en%26id=0w1195lB64c.P'}, 'buy': {'Naver Store': 'http://serieson.naver.com/movie/detail.nhn?productNo=5684040', 'Google Play Movies': 'https://play.google.com/store/movies/details/%25EB%25A7%2588%25ED%258B%25B4_%25EC%2597%2590%25EB%258D%25B4?gl=KR%26hl=en%26id=0w1195lB64c.P'}}"
"하이, 젝시","{'streaming': {}, 'rent': {'wavve': 'https://www.wavve.com/player/movie?movieid=MV_CW01_CW0000011413'}, 'buy': {'Naver Store': 'http://serieson.naver.com/movie/detail.nhn?productNo=4944679', 'Google Play Movies': 'https://play.google.com/store/movies/details/%25ED%2595%2598%25EC%259D%25B4_%25EC%25A0%259D%25EC%258B%259C?gl=KR%26hl=en%26id=ORx3rx3Uz0Q.P'}}"
비밀정보원: 인 더 프리즌,"{'streaming': {}, 'rent': {'wavve': 'https://www.wavve.com/player/movie?movieid=MV_CK01_TCO000012436', 'Google Play Movies': 'https://play.google.com/store/movies/details/%25EB%25B9%2584%25EB%25B0%2580%25EC%25A0%2595%25EB%25B3%25B4%25EC%259B%2590_%25EC%259D%25B8_%25EB%258D%2594_%25ED%2594%2584%25EB%25A6%25AC%25EC%25A6%258C?gl=KR%26hl=en%26id=D6MrwEEoPsw.P'}, 'buy': {'Google Play Movies': 'https://play.google.com/store/movies/details/%25EB%25B9%2584%25EB%25B0%2580%25EC%25A0%2595%25EB%25B3%25B4%25EC%259B%2590_%25EC%259D%25B8_%25EB%258D%2594_%25ED%2594%2584%25EB%25A6%25AC%25EC%25A6%258C?gl=KR%26hl=en%26id=D6MrwEEoPsw.P'}}"
카운트다운,"{'streaming': {}, 'rent': {'wavve': 'https://www.wavve.com/player/movie?movieid=MV_CK01_TCO000012375', 'Google Play Movies': 'https://play.google.com/store/movies/details/%25EC%25B9%25B4%25EC%259A%25B4%25ED%258A%25B8_%25EB%258B%25A4%25EC%259A%25B4?gl=KR%26hl=en%26id=RxF3U49VEK4.P'}, 'buy': {'Google Play Movies': 'https://play.google.com/store/movies/details/%25EC%25B9%25B4%25EC%259A%25B4%25ED%258A%25B8_%25EB%258B%25A4%25EC%259A%25B4?gl=KR%26hl=en%26id=RxF3U49VEK4.P', 'Naver Store': 'http://serieson.naver.com/movie/detail.nhn?productNo=4780853'}}"
에브리데이,"{'streaming': {}, 'rent': {'wavve': 'https://www.wavve.com/player/movie?movieid=MV_CW01_CW0000011242'}, 'buy': {'Naver Store': 'http://serieson.naver.com/movie/detail.nhn?productNo=3722123', 'Google Play Movies': 'https://play.google.com/store/movies/details/%25EC%2597%2590%25EB%25B8%258C%25EB%25A6%25AC%25EB%258D%25B0%25EC%259D%25B4_%25EC%259E%2590%25EB%25A7%2589%25ED%258C%2590?gl=KR%26hl=en%26id=cbfA-HFyNFU'}}"
밤치기,"{'streaming': {}, 'rent': {'wavve': 'https://www.wavve.com/player/movie?movieid=MV_CJ01_CA0000011454', 'Google Play Movies': 'https://play.google.com/store/movies/details/%25EB%25B0%25A4%25EC%25B9%2598%25EA%25B8%25B0?gl=KR%26hl=en%26id=fmBgN9WpMpI.P'}, 'buy': {'Naver Store': 'http://serieson.naver.com/movie/detail.nhn?productNo=3774143', 'Google Play Movies': 'https://play.google.com/store/movies/details/%25EB%25B0%25A4%25EC%25B9%2598%25EA%25B8%25B0?gl=KR%26hl=en%26id=fmBgN9WpMpI.P'}}"
벤 이즈 백,"{'streaming': {'Watcha': 'https://watcha.com/contents/mO1V12Y'}, 'rent': {'Google Play Movies': 'https://play.google.com/store/movies/details/%25EB%25B2%25A4_%25EC%259D%25B4%25EC%25A6%2588_%25EB%25B0%25B1?gl=KR%26hl=en%26id=q9IPnbaYLII.P'}, 'buy': {'Naver Store': 'http://serieson.naver.com/movie/detail.nhn?productNo=4206840', 'Google Play Movies': 'https://play.google.com/store/movies/details/%25EB%25B2%25A4_%25EC%259D%25B4%25EC%25A6%2588_%25EB%25B0%25B1?gl=KR%26hl=en%26id=q9IPnbaYLII.P'}}"
체실 비치에서,"{'streaming': {}, 'rent': {'wavve': 'https://www.wavve.com/player/movie?movieid=MV_CW01_CW0000011237'}, 'buy': {'Naver Store': 'http://serieson.naver.com/movie/detail.nhn?productNo=3685369', 'Google Play Movies': 'https://play.google.com/store/movies/details/%25EC%25B2%25B4%25EC%258B%25A4_%25EB%25B9%2584%25EC%25B9%2598%25EC%2597%2590%25EC%2584%259C_%25EC%259E%2590%25EB%25A7%2589%25ED%258C%2590?gl=KR%26hl=en%26id=5ZTO82L_Vjo'}}"
패들턴,"{'streaming': {'Netflix': 'http://www.netflix.com/title/80224060'}, 'rent': {}, 'buy': {}}"
바람을 길들인 풍차소년,"{'streaming': {'Netflix': 'http://www.netflix.com/title/80200047'}, 'rent': {}, 'buy': {}}"
모추어리 컬렉션,"{'streaming': {}, 'rent': {'wavve': 'https://www.wavve.com/player/movie?movieid=MV_EM01_EM000000129'}, 'buy': {'Google Play Movies': 'https://play.google.com/store/movies/details/%25EB%25AA%25A8%25EC%25B6%2594%25EC%2596%25B4%25EB%25A6%25AC_%25EC%25BB%25AC%25EB%25A0%2589%25EC%2585%2598?gl=KR%26hl=en%26id=0aN8qRkC8W4.P'}}"
트리플 프런티어,"{'streaming': {'Netflix': 'http://www.netflix.com/title/80192187'}, 'rent': {}, 'buy': {}}"
배신자,"{'streaming': {}, 'rent': {'wavve': 'https://www.wavve.com/player/movie?movieid=MV_TW01_TW0000000418'}, 'buy': {'Naver Store': 'http://serieson.naver.com/movie/detail.nhn?productNo=4648464', 'Google Play Movies': 'https://play.google.com/store/movies/details/%25EB%25B0%25B0%25EC%258B%25A0%25EC%259E%2590?gl=KR%26hl=en%26id=qy0MzlS3FYQ.P'}}"
집 이야기,"{'streaming': {'wavve': 'https://www.wavve.com/player/movie?movieid=MV_C901_SG0000124431', 'Watcha': 'https://watcha.com/contents/m5ekJEy'}, 'rent': {'wavve': 'https://www.wavve.com/player/movie?movieid=MV_C901_SG0000124431', 'Google Play Movies': 'https://play.google.com/store/movies/details/%25EC%25A7%2591_%25EC%259D%25B4%25EC%2595%25BC%25EA%25B8%25B0?gl=KR%26hl=en%26id=joDerpJYmTs.P'}, 'buy': {'Naver Store': 'http://serieson.naver.com/movie/detail.nhn?productNo=4720631', 'Google Play Movies': 'https://play.google.com/store/movies/details/%25EC%25A7%2591_%25EC%259D%25B4%25EC%2595%25BC%25EA%25B8%25B0?gl=KR%26hl=en%26id=joDerpJYmTs.P'}}"
스몰풋,"{'streaming': {}, 'rent': {'Naver Store': 'http://serieson.naver.com/movie/detail.nhn?productNo=4166506'}, 'buy': {'Google Play Movies': 'https://play.google.com/store/movies/details/%25EC%258A%25A4%25EB%25AA%25B0%25ED%2592%258B_%25EC%259E%2590%25EB%25A7%2589%25ED%258C%2590?gl=KR%26hl=en%26id=gQDE8Feu0Pw', 'wavve': 'https://www.wavve.com/player/movie?movieid=MV_CD01_WR0000011564', 'Naver Store': 'http://serieson.naver.com/movie/detail.nhn?productNo=4166505'}}"
Intemperie,"{'streaming': {}, 'rent': {}, 'buy': {}}"
미결처리반Q: 순수의 배신,"{'streaming': {}, 'rent': {'wavve': 'https://www.wavve.com/player/movie?movieid=MV_CJ01_CA0000011535', 'Google Play Movies': 'https://play.google.com/store/movies/details/%25EB%25AF%25B8%25EA%25B2%25B0%25EC%25B2%2598%25EB%25A6%25AC%25EB%25B0%2598Q_4_%25EC%2588%259C%25EC%2588%2598%25EC%259D%2598_%25EB%25B0%25B0%25EC%258B%25A0?gl=KR%26hl=en%26id=K026uXmswBY.P'}, 'buy': {'Naver Store': 'http://serieson.naver.com/movie/detail.nhn?productNo=4032818', 'Google Play Movies': 'https://play.google.com/store/movies/details/%25EB%25AF%25B8%25EA%25B2%25B0%25EC%25B2%2598%25EB%25A6%25AC%25EB%25B0%2598Q_4_%25EC%2588%259C%25EC%2588%2598%25EC%259D%2598_%25EB%25B0%25B0%25EC%258B%25A0?gl=KR%26hl=en%26id=K026uXmswBY.P'}}"
블랙 크리스마스,"{'streaming': {}, 'rent': {'Google Play Movies': 'https://play.google.com/store/movies/details/%25EB%25B8%2594%25EB%259E%2599_%25ED%2581%25AC%25EB%25A6%25AC%25EC%258A%25A4%25EB%25A7%2588%25EC%258A%25A4?gl=KR%26hl=en%26id=dstVlbO84zE.P', 'wavve': 'https://www.wavve.com/player/movie?movieid=MV_CG01_NU0000011667', 'Naver Store': 'http://serieson.naver.com/movie/detail.nhn?productNo=4967495'}, 'buy': {'Google Play Movies': 'https://play.google.com/store/movies/details/%25EB%25B8%2594%25EB%259E%2599_%25ED%2581%25AC%25EB%25A6%25AC%25EC%258A%25A4%25EB%25A7%2588%25EC%258A%25A4?gl=KR%26hl=en%26id=dstVlbO84zE.P', 'Naver Store': 'http://serieson.naver.com/movie/detail.nhn?productNo=4933003', 'wavve': 'https://www.wavve.com/player/movie?movieid=MV_CG01_NU0000011667'}}"
스탠 & 올리,"{'streaming': {}, 'rent': {}, 'buy': {}}"
윈체스터,"{'streaming': {'wavve': 'https://www.wavve.com/player/movie?movieid=MV_C901_SG0000122863', 'Watcha': 'https://watcha.com/contents/mOgBKm3'}, 'rent': {'wavve': 'https://www.wavve.com/player/movie?movieid=MV_C901_SG0000122863', 'Google Play Movies': 'https://play.google.com/store/movies/details/%25EC%259C%2588%25EC%25B2%25B4%25EC%258A%25A4%25ED%2584%25B0?gl=KR%26hl=en%26id=TiwoIZ4RXfE.P'}, 'buy': {'Naver Store': 'http://serieson.naver.com/movie/detail.nhn?productNo=4496421', 'Google Play Movies': 'https://play.google.com/store/movies/details/%25EC%259C%2588%25EC%25B2%25B4%25EC%258A%25A4%25ED%2584%25B0?gl=KR%26hl=en%26id=TiwoIZ4RXfE.P'}}"
수성못,"{'streaming': {'Watcha': 'https://watcha.com/contents/m5NVMJY'}, 'rent': {'wavve': 'https://www.wavve.com/player/movie?movieid=MV_CJ01_CA0000011348', 'Google Play Movies': 'https://play.google.com/store/movies/details/%25EC%2588%2598%25EC%2584%25B1%25EB%25AA%25BB?gl=KR%26hl=en%26id=yjZfpQ_zkyU'}, 'buy': {'Naver Store': 'http://serieson.naver.com/movie/detail.nhn?productNo=3378990', 'Google Play Movies': 'https://play.google.com/store/movies/details/%25EC%2588%2598%25EC%2584%25B1%25EB%25AA%25BB?gl=KR%26hl=en%26id=yjZfpQ_zkyU'}}"
디어 마이 프렌드,"{'streaming': {'Watcha': 'https://watcha.com/contents/mdj2a9J'}, 'rent': {}, 'buy': {'Naver Store': 'http://serieson.naver.com/movie/detail.nhn?productNo=4541496', 'Google Play Movies': 'https://play.google.com/store/movies/details/%25EB%2594%2594%25EC%2596%25B4_%25EB%25A7%2588%25EC%259D%25B4_%25ED%2594%2584%25EB%25A0%258C%25EB%2593%259C?gl=KR%26hl=en%26id=T6vQoI0dqck.P'}}"
안나와 종말의 날,"{'streaming': {'wavve': 'https://www.wavve.com/player/movie?movieid=MV_C901_SG0000122119'}, 'rent': {'wavve': 'https://www.wavve.com/player/movie?movieid=MV_C901_SG0000122119', 'Google Play Movies': 'https://play.google.com/store/movies/details/%25EC%2595%2588%25EB%2582%2598%25EC%2599%2580_%25EC%25A2%2585%25EB%25A7%2590%25EC%259D%2598_%25EB%2582%25A0?gl=KR%26hl=en%26id=F-FhGa5KXrI.P'}, 'buy': {'Google Play Movies': 'https://play.google.com/store/movies/details/%25EC%2595%2588%25EB%2582%2598%25EC%2599%2580_%25EC%25A2%2585%25EB%25A7%2590%25EC%259D%2598_%25EB%2582%25A0?gl=KR%26hl=en%26id=F-FhGa5KXrI.P'}}"
더 더트,"{'streaming': {'Netflix': 'http://www.netflix.com/title/80169469'}, 'rent': {}, 'buy': {}}"
엔젤,"{'streaming': {}, 'rent': {}, 'buy': {}}"
더 프론트 러너,"{'streaming': {}, 'rent': {'Google Play Movies': 'https://play.google.com/store/movies/details/%25ED%2594%2584%25EB%25A1%25A0%25ED%258A%25B8_%25EB%259F%25AC%25EB%2584%2588_The_Front_Runner?gl=KR%26hl=en%26id=WI4t7-cV8R0', 'Naver Store': 'http://serieson.naver.com/movie/detail.nhn?productNo=3943533'}, 'buy': {'Google Play Movies': 'https://play.google.com/store/movies/details/%25ED%2594%2584%25EB%25A1%25A0%25ED%258A%25B8_%25EB%259F%25AC%25EB%2584%2588_The_Front_Runner?gl=KR%26hl=en%26id=WI4t7-cV8R0', 'Naver Store': 'http://serieson.naver.com/movie/detail.nhn?productNo=4002516'}}"
롤링 선더 레뷰 - 마틴 스코세이지의 밥 딜런 이야기,"{'streaming': {'Netflix': 'http://www.netflix.com/title/80221016'}, 'rent': {}, 'buy': {}}"
마우트하우센의 사진사,"{'streaming': {'Netflix': 'http://www.netflix.com/title/80191608'}, 'rent': {}, 'buy': {}}"
스윗하트,"{'streaming': {}, 'rent': {}, 'buy': {}}"
몬스터,"{'streaming': {'Netflix': 'http://www.netflix.com/title/81121351'}, 'rent': {}, 'buy': {}}"
린 온 피트,"{'streaming': {}, 'rent': {}, 'buy': {'Naver Store': 'http://serieson.naver.com/movie/detail.nhn?productNo=3680235', 'Google Play Movies': 'https://play.google.com/store/movies/details/%25EB%25A6%25B0_%25EC%2598%25A8_%25ED%2594%25BC%25ED%258A%25B8_%25EC%259E%2590%25EB%25A7%2589%25ED%258C%2590?gl=KR%26hl=en%26id=PIzaedl0_iU'}}"
늑대의 집,"{'streaming': {}, 'rent': {}, 'buy': {}}"
장사리: 잊혀진 영웅들,"{'streaming': {'wavve': 'https://www.wavve.com/player/movie?movieid=MV_CD01_WR0000011581'}, 'rent': {'Naver Store': 'http://serieson.naver.com/movie/detail.nhn?productNo=4551939', 'wavve': 'https://www.wavve.com/player/movie?movieid=MV_CD01_WR0000011581'}, 'buy': {'Google Play Movies': 'https://play.google.com/store/movies/details/%25EC%259E%25A5%25EC%2582%25AC%25EB%25A6%25AC_%25EC%259E%258A%25ED%2598%2580%25EC%25A7%2584_%25EC%2598%2581%25EC%259B%2585%25EB%2593%25A4?gl=KR%26hl=en%26id=kmDqokJRUh8', 'wavve': 'https://www.wavve.com/player/movie?movieid=MV_CD01_WR0000011581', 'Naver Store': 'http://serieson.naver.com/movie/detail.nhn?productNo=4551940'}}"
더 게임 체인저스,"{'streaming': {'Netflix': 'http://www.netflix.com/title/81157840'}, 'rent': {}, 'buy': {}}"
일요일의 병,"{'streaming': {'Netflix': 'http://www.netflix.com/title/80131280'}, 'rent': {}, 'buy': {}}"
더 캐쳐 워즈 어 스파이,"{'streaming': {}, 'rent': {'Google Play Movies': 'https://play.google.com/store/movies/details/%25EB%258D%2594_%25EC%25BA%2590%25EC%25B3%2590_%25EC%259B%258C%25EC%25A6%2588_%25EC%2596%25B4_%25EC%258A%25A4%25ED%258C%258C%25EC%259D%25B4?gl=KR%26hl=en%26id=lb-FPvnUPg8.P'}, 'buy': {'Naver Store': 'http://serieson.naver.com/movie/detail.nhn?productNo=3943531', 'Google Play Movies': 'https://play.google.com/store/movies/details/%25EB%258D%2594_%25EC%25BA%2590%25EC%25B3%2590_%25EC%259B%258C%25EC%25A6%2588_%25EC%2596%25B4_%25EC%258A%25A4%25ED%258C%258C%25EC%259D%25B4?gl=KR%26hl=en%26id=lb-FPvnUPg8.P'}}"
1942: 언노운 배틀,"{'streaming': {}, 'rent': {'Google Play Movies': 'https://play.google.com/store/movies/details/1942_%25EC%2596%25B8%25EB%2585%25B8%25EC%259A%25B4_%25EB%25B0%25B0%25ED%258B%2580?gl=KR%26hl=en%26id=J3OfRrUusKk.P'}, 'buy': {'Naver Store': 'http://serieson.naver.com/movie/detail.nhn?productNo=5368802', 'Google Play Movies': 'https://play.google.com/store/movies/details/1942_%25EC%2596%25B8%25EB%2585%25B8%25EC%259A%25B4_%25EB%25B0%25B0%25ED%258B%2580?gl=KR%26hl=en%26id=J3OfRrUusKk.P'}}"
#아이엠히어,"{'streaming': {}, 'rent': {'wavve': 'https://www.wavve.com/player/movie?movieid=MV_CJ01_CA0000011778', 'Naver Store': 'http://serieson.naver.com/movie/detail.nhn?productNo=5924203', 'Google Play Movies': 'https://play.google.com/store/movies/details/%25EC%2595%2584%25EC%259D%25B4%25EC%2597%25A0%25ED%259E%2588%25EC%2596%25B4?gl=KR%26hl=en%26id=51FdxnWEaKw.P'}, 'buy': {'Naver Store': 'http://serieson.naver.com/movie/detail.nhn?productNo=5924204', 'Google Play Movies': 'https://play.google.com/store/movies/details/%25EC%2595%2584%25EC%259D%25B4%25EC%2597%25A0%25ED%259E%2588%25EC%2596%25B4?gl=KR%26hl=en%26id=51FdxnWEaKw.P'}}"
Blue Story,"{'streaming': {}, 'rent': {}, 'buy': {}}"
이누야시키 : 히어로 VS 빌런,"{'streaming': {}, 'rent': {'wavve': 'https://www.wavve.com/player/movie?movieid=MV_LX01_LX0000000470'}, 'buy': {'Google Play Movies': 'https://play.google.com/store/movies/details/%25EC%259D%25B4%25EB%2588%2584%25EC%2595%25BC%25EC%258B%259C%25ED%2582%25A4_%25ED%259E%2588%25EC%2596%25B4%25EB%25A1%259C_VS_%25EB%25B9%258C%25EB%259F%25B0?gl=KR%26hl=en%26id=1PhA-A0W16c.P', 'Naver Store': 'http://serieson.naver.com/movie/detail.nhn?productNo=5084556'}}"
카메라를 멈추면 안 돼! 스핀오프 할리우드 대작전!,"{'streaming': {'Watcha': 'https://watcha.com/contents/m5ZlxoR'}, 'rent': {'wavve': 'https://www.wavve.com/player/movie?movieid=MV_CT01_MBC000012931', 'Google Play Movies': 'https://play.google.com/store/movies/details/%25EC%25B9%25B4%25EB%25A9%2594%25EB%259D%25BC%25EB%25A5%25BC_%25EB%25A9%2588%25EC%25B6%2594%25EB%25A9%25B4_%25EC%2595%2588_%25EB%258F%25BC_%25EC%258A%25A4%25ED%2595%2580%25EC%2598%25A4%25ED%2594%2584_%25ED%2595%25A0%25EB%25A6%25AC%25EC%259A%25B0%25EB%2593%259C_%25EB%258C%2580%25EC%259E%2591%25EC%25A0%2584?gl=KR%26hl=en%26id=b0gEYVhlcBE.P'}, 'buy': {'Naver Store': 'http://serieson.naver.com/movie/detail.nhn?productNo=4658376', 'Google Play Movies': 'https://play.google.com/store/movies/details/%25EC%25B9%25B4%25EB%25A9%2594%25EB%259D%25BC%25EB%25A5%25BC_%25EB%25A9%2588%25EC%25B6%2594%25EB%25A9%25B4_%25EC%2595%2588_%25EB%258F%25BC_%25EC%258A%25A4%25ED%2595%2580%25EC%2598%25A4%25ED%2594%2584_%25ED%2595%25A0%25EB%25A6%25AC%25EC%259A%25B0%25EB%2593%259C_%25EB%258C%2580%25EC%259E%2591%25EC%25A0%2584?gl=KR%26hl=en%26id=b0gEYVhlcBE.P'}}"
갤버스턴,"{'streaming': {'wavve': 'https://www.wavve.com/player/movie?movieid=MV_JA01_JA0000000211', 'Watcha': 'https://watcha.com/contents/m5eJwjL'}, 'rent': {'wavve': 'https://www.wavve.com/player/movie?movieid=MV_JA01_JA0000000211'}, 'buy': {'Naver Store': 'http://serieson.naver.com/movie/detail.nhn?productNo=4329707'}}"
늑대의 아이들,"{'streaming': {'Watcha': 'https://watcha.com/contents/m5YKX37'}, 'rent': {'wavve': 'https://www.wavve.com/player/movie?movieid=MV_CX01_CX0000011515', 'Google Play Movies': 'https://play.google.com/store/movies/details/%25EB%258A%2591%25EB%258C%2580%25EC%259D%2598_%25EC%2595%2584%25EC%259D%25B4%25EB%2593%25A4?gl=KR%26hl=en%26id=CeIv0DCw5-w.P', 'Naver Store': 'http://serieson.naver.com/movie/detail.nhn?productNo=5981185'}, 'buy': {'Naver Store': 'http://serieson.naver.com/movie/detail.nhn?productNo=5981186'}}"
막달라 마리아: 부활의 증인,"{'streaming': {}, 'rent': {'Google Play Movies': 'https://play.google.com/store/movies/details/%25EB%25A7%2589%25EB%258B%25AC%25EB%259D%25BC_%25EB%25A7%2588%25EB%25A6%25AC%25EC%2595%2584_%25EB%25B6%2580%25ED%2599%259C%25EC%259D%2598_%25EC%25A6%259D%25EC%259D%25B8_%25EC%259E%2590%25EB%25A7%2589%25ED%258C%2590?gl=KR%26hl=en%26id=ndmz646p7HE', 'Naver Store': 'http://serieson.naver.com/movie/detail.nhn?productNo=3542035'}, 'buy': {'Google Play Movies': 'https://play.google.com/store/movies/details/%25EB%25A7%2589%25EB%258B%25AC%25EB%259D%25BC_%25EB%25A7%2588%25EB%25A6%25AC%25EC%2595%2584_%25EB%25B6%2580%25ED%2599%259C%25EC%259D%2598_%25EC%25A6%259D%25EC%259D%25B8_%25EC%259E%2590%25EB%25A7%2589%25ED%258C%2590?gl=KR%26hl=en%26id=ndmz646p7HE', 'Naver Store': 'http://serieson.naver.com/movie/detail.nhn?productNo=3542034'}}"
좋은 여자들,"{'streaming': {'Mubi': 'https://mubi.com/films/the-good-girls'}, 'rent': {}, 'buy': {}}"
리틀 조,"{'streaming': {'Watcha': 'https://watcha.com/contents/m5ekBQL'}, 'rent': {}, 'buy': {}}"
상류사회,"{'streaming': {'Netflix': 'http://www.netflix.com/title/81026705', 'wavve': 'https://www.wavve.com/player/movie?movieid=MV_CI01_LE0000011225'}, 'rent': {'wavve': 'https://www.wavve.com/player/movie?movieid=MV_CI01_LE0000011225', 'Google Play Movies': 'https://play.google.com/store/movies/details/%25EC%2583%2581%25EB%25A5%2598%25EC%2582%25AC%25ED%259A%258C_%25ED%2599%2595%25EC%259E%25A5%25ED%258C%2590?gl=KR%26hl=en%26id=m5NAS4S8_Sc.P'}, 'buy': {'Google Play Movies': 'https://play.google.com/store/movies/details/%25EC%2583%2581%25EB%25A5%2598%25EC%2582%25AC%25ED%259A%258C_%25ED%2599%2595%25EC%259E%25A5%25ED%258C%2590?gl=KR%26hl=en%26id=m5NAS4S8_Sc.P'}}"
3022: 지구 대폭발,"{'streaming': {'Watcha': 'https://watcha.com/contents/mdj2qaw'}, 'rent': {'wavve': 'https://www.wavve.com/player/movie?movieid=MV_CT01_MBC000013310', 'Google Play Movies': 'https://play.google.com/store/movies/details/3022_%25EC%25A7%2580%25EA%25B5%25AC_%25EB%258C%2580%25ED%258F%25AD%25EB%25B0%259C?gl=KR%26hl=en%26id=RcCRb1CDtLA.P'}, 'buy': {'Naver Store': 'http://serieson.naver.com/movie/detail.nhn?productNo=5246249', 'Google Play Movies': 'https://play.google.com/store/movies/details/3022_%25EC%25A7%2580%25EA%25B5%25AC_%25EB%258C%2580%25ED%258F%25AD%25EB%25B0%259C?gl=KR%26hl=en%26id=RcCRb1CDtLA.P'}}"
하트 비트 라우드,"{'streaming': {}, 'rent': {'Google Play Movies': 'https://play.google.com/store/movies/details/%25ED%2595%2598%25ED%258A%25B8_%25EB%25B9%2584%25ED%258A%25B8_%25EB%259D%25BC%25EC%259A%25B0%25EB%2593%259C?gl=KR%26hl=en%26id=5iDOZkRuatE', 'Naver Store': 'http://serieson.naver.com/movie/detail.nhn?productNo=3687181'}, 'buy': {'Google Play Movies': 'https://play.google.com/store/movies/details/%25ED%2595%2598%25ED%258A%25B8_%25EB%25B9%2584%25ED%258A%25B8_%25EB%259D%25BC%25EC%259A%25B0%25EB%2593%259C?gl=KR%26hl=en%26id=5iDOZkRuatE', 'Naver Store': 'http://serieson.naver.com/movie/detail.nhn?productNo=3747447'}}"
왓 데이 해드,"{'streaming': {'Watcha': 'https://watcha.com/contents/mWJyxz4'}, 'rent': {'wavve': 'https://www.wavve.com/player/movie?movieid=MV_EN01_EN000000623', 'Naver Store': 'http://serieson.naver.com/movie/detail.nhn?productNo=4944673'}, 'buy': {'wavve': 'https://www.wavve.com/player/movie?movieid=MV_EN01_EN000000623', 'Naver Store': 'http://serieson.naver.com/movie/detail.nhn?productNo=4944674'}}"
큐리오사,"{'streaming': {'wavve': 'https://www.wavve.com/player/movie?movieid=MV_C901_SG0000118365'}, 'rent': {'wavve': 'https://www.wavve.com/player/movie?movieid=MV_C901_SG0000118365'}, 'buy': {}}"
데이 앤 나잇,"{'streaming': {}, 'rent': {'wavve': 'https://www.wavve.com/player/movie?movieid=MV_CJ01_CA0000011837', 'Naver Store': 'http://serieson.naver.com/movie/detail.nhn?productNo=6490165', 'Google Play Movies': 'https://play.google.com/store/movies/details/%25EB%258D%25B0%25EC%259D%25B4_%25EC%2595%25A4_%25EB%2582%2598%25EC%259E%2587?gl=KR%26hl=en%26id=M2QS7xXvoXA.P'}, 'buy': {'Naver Store': 'http://serieson.naver.com/movie/detail.nhn?productNo=6490166', 'Google Play Movies': 'https://play.google.com/store/movies/details/%25EB%258D%25B0%25EC%259D%25B4_%25EC%2595%25A4_%25EB%2582%2598%25EC%259E%2587?gl=KR%26hl=en%26id=M2QS7xXvoXA.P'}}"
사이코패스 시너스 오브 더 시스템 케이스.1 죄와 벌,"{'streaming': {'Watcha': 'https://watcha.com/contents/mOl9AGe'}, 'rent': {'wavve': 'https://www.wavve.com/player/movie?movieid=MV_AP01_AP000000027'}, 'buy': {'Google Play Movies': 'https://play.google.com/store/movies/details/%25EC%2582%25AC%25EC%259D%25B4%25EC%25BD%2594%25ED%258C%25A8%25EC%258A%25A4_%25EC%258B%259C%25EB%2584%2588%25EC%258A%25A4_%25EC%2598%25A4%25EB%25B8%258C_%25EB%258D%2594_%25EC%258B%259C%25EC%258A%25A4%25ED%2585%259C_%25EC%25BC%2580%25EC%259D%25B4%25EC%258A%25A41_%25EC%25A3%2584%25EC%2599%2580_%25EB%25B2%258C?gl=KR%26hl=en%26id=0DwTQH7FEAY.P', 'Naver Store': 'http://serieson.naver.com/movie/detail.nhn?productNo=5048704'}}"
섀도우 걸,"{'streaming': {}, 'rent': {'wavve': 'https://www.wavve.com/player/movie?movieid=MV_CJ01_CA0000011691', 'Naver Store': 'http://serieson.naver.com/movie/detail.nhn?productNo=4944677', 'Google Play Movies': 'https://play.google.com/store/movies/details/%25EC%2584%2580%25EB%258F%2584%25EC%259A%25B0_%25EA%25B1%25B8?gl=KR%26hl=en%26id=m9t-4Eo6dDw.P'}, 'buy': {'Naver Store': 'http://serieson.naver.com/movie/detail.nhn?productNo=4944678', 'Google Play Movies': 'https://play.google.com/store/movies/details/%25EC%2584%2580%25EB%258F%2584%25EC%259A%25B0_%25EA%25B1%25B8?gl=KR%26hl=en%26id=m9t-4Eo6dDw.P'}}"
크리미널: 해튼가든,"{'streaming': {'wavve': 'https://www.wavve.com/player/movie?movieid=MV_JA01_JA0000000090', 'Watcha': 'https://watcha.com/contents/m5XKjEp'}, 'rent': {'wavve': 'https://www.wavve.com/player/movie?movieid=MV_JA01_JA0000000090', 'Google Play Movies': 'https://play.google.com/store/movies/details/%25ED%2581%25AC%25EB%25A6%25AC%25EB%25AF%25B8%25EB%2584%2590_%25ED%2595%25B4%25ED%258A%25BC%25EA%25B0%2580%25EB%2593%25A0?gl=KR%26hl=en%26id=ejk_u_GWK0c.P'}, 'buy': {'Google Play Movies': 'https://play.google.com/store/movies/details/%25ED%2581%25AC%25EB%25A6%25AC%25EB%25AF%25B8%25EB%2584%2590_%25ED%2595%25B4%25ED%258A%25BC%25EA%25B0%2580%25EB%2593%25A0?gl=KR%26hl=en%26id=ejk_u_GWK0c.P', 'Naver Store': 'http://serieson.naver.com/movie/detail.nhn?productNo=4648450'}}"
타인의 친절,"{'streaming': {}, 'rent': {'wavve': 'https://www.wavve.com/player/movie?movieid=MV_CT01_MBC000013649', 'Google Play Movies': 'https://play.google.com/store/movies/details/%25ED%2583%2580%25EC%259D%25B8%25EC%259D%2598_%25EC%25B9%259C%25EC%25A0%2588?gl=KR%26hl=en%26id=46zii91GVLE.P'}, 'buy': {'Naver Store': 'http://serieson.naver.com/movie/detail.nhn?productNo=6147091', 'Google Play Movies': 'https://play.google.com/store/movies/details/%25ED%2583%2580%25EC%259D%25B8%25EC%259D%2598_%25EC%25B9%259C%25EC%25A0%2588?gl=KR%26hl=en%26id=46zii91GVLE.P'}}"
타짜: 원 아이드 잭,"{'streaming': {'Netflix': 'http://www.netflix.com/title/81198116', 'wavve': 'https://www.wavve.com/player/movie?movieid=MV_CI01_LE0000011238'}, 'rent': {'wavve': 'https://www.wavve.com/player/movie?movieid=MV_CI01_LE0000011238'}, 'buy': {'wavve': 'https://www.wavve.com/player/movie?movieid=MV_CI01_LE0000011238'}}"
어느 허무명랑한 인생,"{'streaming': {'Netflix': 'http://www.netflix.com/title/80107084'}, 'rent': {}, 'buy': {}}"
벤트: 마약의 도시,"{'streaming': {}, 'rent': {'wavve': 'https://www.wavve.com/player/movie?movieid=MV_TW01_TW0000000382'}, 'buy': {'Naver Store': 'http://serieson.naver.com/movie/detail.nhn?productNo=4329704', 'Google Play Movies': 'https://play.google.com/store/movies/details/%25EB%25B2%25A4%25ED%258A%25B8_%25EB%25A7%2588%25EC%2595%25BD%25EC%259D%2598_%25EB%258F%2584%25EC%258B%259C?gl=KR%26hl=en%26id=EeyZhLi3y0c.P'}}"
몰록 제물이 된 아이들,"{'streaming': {'Plex': 'https://watch.plex.tv/movie/red-handed-2019-2?autoplay=1%26utm_source=justWatch-catalog%26utm_medium=deeplink%26utm_content=6137b015c1c103375120d5fa'}, 'rent': {'wavve': 'https://www.wavve.com/player/movie?movieid=MV_C3001_C300000012357'}, 'buy': {'Naver Store': 'http://serieson.naver.com/movie/detail.nhn?productNo=5604676', 'Google Play Movies': 'https://play.google.com/store/movies/details/%25EB%25AA%25B0%25EB%25A1%259D_%25EC%25A0%259C%25EB%25AC%25BC%25EC%259D%25B4_%25EB%2590%259C_%25EC%2595%2584%25EC%259D%25B4%25EB%2593%25A4?gl=KR%26hl=en%26id=Eprzz-YnjxA.P'}}"
김군,"{'streaming': {'Watcha': 'https://watcha.com/contents/mW4LQDo'}, 'rent': {'wavve': 'https://www.wavve.com/player/movie?movieid=MV_EN01_EN000000531', 'Naver Store': 'http://serieson.naver.com/movie/detail.nhn?productNo=5073466', 'Google Play Movies': 'https://play.google.com/store/movies/details/%25EA%25B9%2580%25EA%25B5%25B0?gl=KR%26hl=en%26id=cc3wHLJ127Q.P'}, 'buy': {'wavve': 'https://www.wavve.com/player/movie?movieid=MV_EN01_EN000000531', 'Naver Store': 'http://serieson.naver.com/movie/detail.nhn?productNo=5073467', 'Google Play Movies': 'https://play.google.com/store/movies/details/%25EA%25B9%2580%25EA%25B5%25B0?gl=KR%26hl=en%26id=cc3wHLJ127Q.P'}}"
네가 없는 시간,"{'streaming': {'Netflix': 'http://www.netflix.com/title/80245357'}, 'rent': {}, 'buy': {}}"
잃어버린 제국을 찾아서,"{'streaming': {}, 'rent': {'wavve': 'https://www.wavve.com/player/movie?movieid=MV_CT01_MBC000013337', 'Naver Store': 'http://serieson.naver.com/movie/detail.nhn?productNo=5315187'}, 'buy': {'Naver Store': 'http://serieson.naver.com/movie/detail.nhn?productNo=5315186', 'Google Play Movies': 'https://play.google.com/store/movies/details/%25EC%259E%2583%25EC%2596%25B4%25EB%25B2%2584%25EB%25A6%25B0_%25EC%25A0%259C%25EA%25B5%25AD%25EC%259D%2584_%25EC%25B0%25BE%25EC%2595%2584%25EC%2584%259C?gl=KR%26hl=en%26id=OS1qWtBqQ4o.P'}}"
내 이름은 조나스,"{'streaming': {'Netflix': 'http://www.netflix.com/title/81167980'}, 'rent': {}, 'buy': {}}"
홀리데이,"{'streaming': {}, 'rent': {}, 'buy': {}}"
퇴마 포송령: 천녀유혼전,"{'streaming': {'wavve': 'https://www.wavve.com/player/movie?movieid=MV_CU01_DL0000011744', 'Watcha': 'https://watcha.com/contents/mOopxGP'}, 'rent': {'wavve': 'https://www.wavve.com/player/movie?movieid=MV_CU01_DL0000011744', 'Google Play Movies': 'https://play.google.com/store/movies/details/%25ED%2587%25B4%25EB%25A7%2588_%25ED%258F%25AC%25EC%2586%25A1%25EB%25A0%25B9_%25EC%25B2%259C%25EB%2585%2580%25EC%259C%25A0%25ED%2598%25BC%25EC%25A0%2584?gl=KR%26hl=en%26id=g9JaNyu3VMM.P'}, 'buy': {'Naver Store': 'http://serieson.naver.com/movie/detail.nhn?productNo=4146751', 'Google Play Movies': 'https://play.google.com/store/movies/details/%25ED%2587%25B4%25EB%25A7%2588_%25ED%258F%25AC%25EC%2586%25A1%25EB%25A0%25B9_%25EC%25B2%259C%25EB%2585%2580%25EC%259C%25A0%25ED%2598%25BC%25EC%25A0%2584?gl=KR%26hl=en%26id=g9JaNyu3VMM.P'}}"
더 리틀 스트레인저,"{'streaming': {}, 'rent': {}, 'buy': {}}"
부다페스트,"{'streaming': {'Netflix': 'http://www.netflix.com/title/80987464'}, 'rent': {}, 'buy': {}}"
Z,"{'streaming': {}, 'rent': {}, 'buy': {}}"
마약기생충,"{'streaming': {'wavve': 'https://www.wavve.com/player/movie?movieid=MV_C901_SG0000127930'}, 'rent': {'wavve': 'https://www.wavve.com/player/movie?movieid=MV_C901_SG0000127930', 'Google Play Movies': 'https://play.google.com/store/movies/details/%25EB%25A7%2588%25EC%2595%25BD%25EA%25B8%25B0%25EC%2583%259D%25EC%25B6%25A9?gl=KR%26hl=en%26id=D9UROheSNCw.P'}, 'buy': {'Google Play Movies': 'https://play.google.com/store/movies/details/%25EB%25A7%2588%25EC%2595%25BD%25EA%25B8%25B0%25EC%2583%259D%25EC%25B6%25A9?gl=KR%26hl=en%26id=D9UROheSNCw.P'}}"
올 어바웃 미,"{'streaming': {}, 'rent': {}, 'buy': {}}"
워,"{'streaming': {'Amazon Prime Video': 'https://app.primevideo.com/detail?gti=amzn1.dv.gti.04b71d56-64f5-a732-0171-7e0111ba5477'}, 'rent': {}, 'buy': {}}"
비욘세의 홈커밍,"{'streaming': {'Netflix': 'http://www.netflix.com/title/81013626'}, 'rent': {}, 'buy': {}}"
세 친구,"{'streaming': {}, 'rent': {}, 'buy': {}}"
변호인의 완전한 사육,"{'streaming': {}, 'rent': {}, 'buy': {}}"
스위밍 위드 맨,"{'streaming': {'wavve': 'https://www.wavve.com/player/movie?movieid=MV_SU01_SU0000000089', 'Watcha': 'https://watcha.com/contents/mdKBx0Y'}, 'rent': {'wavve': 'https://www.wavve.com/player/movie?movieid=MV_SU01_SU0000000089'}, 'buy': {'Naver Store': 'http://serieson.naver.com/movie/detail.nhn?productNo=3719214', 'Google Play Movies': 'https://play.google.com/store/movies/details/%25EC%258A%25A4%25EC%259C%2584%25EB%25B0%258D_%25EC%259C%2584%25EB%2593%259C_%25EB%25A7%25A8?gl=KR%26hl=en%26id=NgsUYHzSZp8.P'}}"
오퍼레이션 레드 씨,"{'streaming': {}, 'rent': {'wavve': 'https://www.wavve.com/player/movie?movieid=MV_CY01_CY000000034'}, 'buy': {}}"
라이프 라이크,"{'streaming': {'wavve': 'https://www.wavve.com/player/movie?movieid=MV_C901_SG0000124604', 'Watcha': 'https://watcha.com/contents/mOVPleN'}, 'rent': {'wavve': 'https://www.wavve.com/player/movie?movieid=MV_C901_SG0000124604', 'Google Play Movies': 'https://play.google.com/store/movies/details/%25EB%259D%25BC%25EC%259D%25B4%25ED%2594%2584_%25EB%259D%25BC%25EC%259D%25B4%25ED%2581%25AC?gl=KR%26hl=en%26id=LkzVsQHpKr4.P'}, 'buy': {'Naver Store': 'http://serieson.naver.com/movie/detail.nhn?productNo=4757698', 'Google Play Movies': 'https://play.google.com/store/movies/details/%25EB%259D%25BC%25EC%259D%25B4%25ED%2594%2584_%25EB%259D%25BC%25EC%259D%25B4%25ED%2581%25AC?gl=KR%26hl=en%26id=LkzVsQHpKr4.P'}}"
나의 청춘은 너의 것,"{'streaming': {}, 'rent': {'wavve': 'https://www.wavve.com/player/movie?movieid=MV_CW01_CW0000011440'}, 'buy': {'Naver Store': 'http://serieson.naver.com/movie/detail.nhn?productNo=5139988', 'Google Play Movies': 'https://play.google.com/store/movies/details/%25EB%2582%2598%25EC%259D%2598_%25EC%25B2%25AD%25EC%25B6%2598%25EC%259D%2580_%25EB%2584%2588%25EC%259D%2598_%25EA%25B2%2583?gl=KR%26hl=en%26id=auY-zPOOR18.P'}}"
레컨,"{'streaming': {'Watcha': 'https://watcha.com/contents/mO8XRbX'}, 'rent': {'wavve': 'https://www.wavve.com/player/movie?movieid=MV_TW01_TW0000000654'}, 'buy': {'Naver Store': 'http://serieson.naver.com/movie/detail.nhn?productNo=5991463', 'Google Play Movies': 'https://play.google.com/store/movies/details/%25EB%25A0%2588%25EC%25BB%25A8?gl=KR%26hl=en%26id=EYWa8j49OiQ.P'}}"
행동하는 양심 김대중,"{'streaming': {'wavve': 'https://www.wavve.com/player/movie?movieid=MV_CK01_TCO000012363', 'Watcha': 'https://watcha.com/contents/mOkLvvQ'}, 'rent': {'wavve': 'https://www.wavve.com/player/movie?movieid=MV_CK01_TCO000012363', 'Google Play Movies': 'https://play.google.com/store/movies/details/%25ED%2596%2589%25EB%258F%2599%25ED%2595%2598%25EB%258A%2594_%25EC%2596%2591%25EC%258B%25AC_%25EA%25B9%2580%25EB%258C%2580%25EC%25A4%2591?gl=KR%26hl=en%26id=RDsJlP4zWHg.P'}, 'buy': {'Google Play Movies': 'https://play.google.com/store/movies/details/%25ED%2596%2589%25EB%258F%2599%25ED%2595%2598%25EB%258A%2594_%25EC%2596%2591%25EC%258B%25AC_%25EA%25B9%2580%25EB%258C%2580%25EC%25A4%2591?gl=KR%26hl=en%26id=RDsJlP4zWHg.P', 'Naver Store': 'http://serieson.naver.com/movie/detail.nhn?productNo=4740555'}}"
"아무튼, 우리","{'streaming': {'Netflix': 'http://www.netflix.com/title/81031939'}, 'rent': {}, 'buy': {}}"
착한처제 2019,"{'streaming': {}, 'rent': {}, 'buy': {}}"
머니백,"{'streaming': {'Netflix': 'http://www.netflix.com/title/81388047', 'Watcha': 'https://watcha.com/contents/mWLjvND'}, 'rent': {'wavve': 'https://www.wavve.com/player/movie?movieid=MV_EN01_EN000000470', 'Naver Store': 'http://serieson.naver.com/movie/detail.nhn?productNo=3362661', 'Google Play Movies': 'https://play.google.com/store/movies/details/%25EB%25A8%25B8%25EB%258B%2588%25EB%25B0%25B1?gl=KR%26hl=en%26id=ldsxabKRKi4'}, 'buy': {'wavve': 'https://www.wavve.com/player/movie?movieid=MV_EN01_EN000000470', 'Naver Store': 'http://serieson.naver.com/movie/detail.nhn?productNo=3362659', 'Google Play Movies': 'https://play.google.com/store/movies/details/%25EB%25A8%25B8%25EB%258B%2588%25EB%25B0%25B1?gl=KR%26hl=en%26id=ldsxabKRKi4'}}"
노 필터,"{'streaming': {'wavve': 'https://www.wavve.com/player/movie?movieid=MV_C901_SG0000116893'}, 'rent': {'wavve': 'https://www.wavve.com/player/movie?movieid=MV_C901_SG0000116893', 'Google Play Movies': 'https://play.google.com/store/movies/details/%25EB%2585%25B8_%25ED%2595%2584%25ED%2584%25B0?gl=KR%26hl=en%26id=fMTXthmGQOU.P'}, 'buy': {'Google Play Movies': 'https://play.google.com/store/movies/details/%25EB%2585%25B8_%25ED%2595%2584%25ED%2584%25B0?gl=KR%26hl=en%26id=fMTXthmGQOU.P'}}"
녀석들의 졸업백서,"{'streaming': {'Netflix': 'http://www.netflix.com/title/80192186'}, 'rent': {}, 'buy': {}}"
군달라: 슈퍼히어로의 탄생,"{'streaming': {'wavve': 'https://www.wavve.com/player/movie?movieid=MV_EM01_EM000000062', 'Watcha': 'https://watcha.com/contents/mWz3wJ0'}, 'rent': {'wavve': 'https://www.wavve.com/player/movie?movieid=MV_EM01_EM000000062'}, 'buy': {'Naver Store': 'http://serieson.naver.com/movie/detail.nhn?productNo=5533112', 'Google Play Movies': 'https://play.google.com/store/movies/details/%25EA%25B5%25B0%25EB%258B%25AC%25EB%259D%25BC_%25EC%258A%2588%25ED%258D%25BC%25ED%259E%2588%25EC%2596%25B4%25EB%25A1%259C%25EC%259D%2598_%25ED%2583%2584%25EC%2583%259D?gl=KR%26hl=en%26id=JcWDEDFB-bc.P'}}"
더티 레이싱,"{'streaming': {}, 'rent': {}, 'buy': {}}"
쁘떼뜨,"{'streaming': {'wavve': 'https://www.wavve.com/player/movie?movieid=MV_C901_SG0000136662', 'Watcha': 'https://watcha.com/contents/mOVP2Zp'}, 'rent': {'wavve': 'https://www.wavve.com/player/movie?movieid=MV_C901_SG0000136662', 'Google Play Movies': 'https://play.google.com/store/movies/details/%25EC%2581%2598%25EB%2596%25BC%25EB%259C%25A8?gl=KR%26hl=en%26id=X9sT9rmSt3Q.P'}, 'buy': {'Naver Store': 'http://serieson.naver.com/movie/detail.nhn?productNo=6057341', 'Google Play Movies': 'https://play.google.com/store/movies/details/%25EC%2581%2598%25EB%2596%25BC%25EB%259C%25A8?gl=KR%26hl=en%26id=X9sT9rmSt3Q.P'}}"
Mercy,"{'streaming': {}, 'rent': {}, 'buy': {}}"
99개의 노래,"{'streaming': {}, 'rent': {}, 'buy': {}}"
무덤의 수호자,"{'streaming': {'Netflix': 'http://www.netflix.com/title/80196277'}, 'rent': {}, 'buy': {}}"
분노,"{'streaming': {'Netflix': 'http://www.netflix.com/title/81075519'}, 'rent': {}, 'buy': {}}"
악마,"{'streaming': {'wavve': 'https://www.wavve.com/player/movie?movieid=MV_CU01_DL0000012151'}, 'rent': {'wavve': 'https://www.wavve.com/player/movie?movieid=MV_CU01_DL0000012151', 'Google Play Movies': 'https://play.google.com/store/movies/details/%25EC%2595%2585%25EB%25A7%2588?gl=KR%26hl=en%26id=RBc1oXc788Y.P'}, 'buy': {'Google Play Movies': 'https://play.google.com/store/movies/details/%25EC%2595%2585%25EB%25A7%2588?gl=KR%26hl=en%26id=RBc1oXc788Y.P'}}"
웨딩 위크,"{'streaming': {'Netflix': 'http://www.netflix.com/title/80183328'}, 'rent': {}, 'buy': {}}"
위대한 작별,"{'streaming': {'Mubi': 'https://mubi.com/films/state-funeral'}, 'rent': {}, 'buy': {}}"
Deal With the Devil,"{'streaming': {'Plex': 'https://watch.plex.tv/movie/deal-with-the-devil?autoplay=1%26utm_source=justWatch-catalog%26utm_medium=deeplink%26utm_content=61085cad3b98d4002dc5d117'}, 'rent': {}, 'buy': {}}"
108 : 잠들 수 없는 시간,"{'streaming': {}, 'rent': {'wavve': 'https://www.wavve.com/player/movie?movieid=MV_CJ01_CA0000011487'}, 'buy': {'Naver Store': 'http://serieson.naver.com/movie/detail.nhn?productNo=3810158', 'Google Play Movies': 'https://play.google.com/store/movies/details/108_%25EC%259E%25A0%25EB%2593%25A4_%25EC%2588%2598_%25EC%2597%2586%25EB%258A%2594_%25EC%258B%259C%25EA%25B0%2584?gl=KR%26hl=en%26id=PZ963BE46kc.P'}}"
속삭이듯 해줘,"{'streaming': {'wavve': 'https://www.wavve.com/player/movie?movieid=MV_JA01_JA0000000511', 'Watcha': 'https://watcha.com/contents/md7Y7Z2'}, 'rent': {'wavve': 'https://www.wavve.com/player/movie?movieid=MV_JA01_JA0000000511'}, 'buy': {'Naver Store': 'http://serieson.naver.com/movie/detail.nhn?productNo=5312228'}}"
열렬한 사랑,"{'streaming': {}, 'rent': {}, 'buy': {}}"
The Best Is Yet to Come,"{'streaming': {}, 'rent': {}, 'buy': {}}"
블랙마크,"{'streaming': {'Watcha': 'https://watcha.com/contents/m5rwaAR'}, 'rent': {'wavve': 'https://www.wavve.com/player/movie?movieid=MV_CW01_CW0000011296'}, 'buy': {'Naver Store': 'http://serieson.naver.com/movie/detail.nhn?productNo=4253162', 'Google Play Movies': 'https://play.google.com/store/movies/details/%25EB%25B8%2594%25EB%259E%2599%25EB%25A7%2588%25ED%2581%25AC_%25EC%259E%2590%25EB%25A7%2589%25ED%258C%2590?gl=KR%26hl=en%26id=h8HbVpAOIqA'}}"
숨바꼭질,"{'streaming': {'wavve': 'https://www.wavve.com/player/movie?movieid=MV_CJ01_CA0000011554'}, 'rent': {}, 'buy': {}}"
남과 여: 여전히 찬란한,"{'streaming': {'wavve': 'https://www.wavve.com/player/movie?movieid=MV_C901_SG0000133808', 'Watcha': 'https://watcha.com/contents/m5GojvN'}, 'rent': {'wavve': 'https://www.wavve.com/player/movie?movieid=MV_C901_SG0000133808', 'Google Play Movies': 'https://play.google.com/store/movies/details/%25EB%2582%25A8%25EA%25B3%25BC_%25EC%2597%25AC_%25EC%2597%25AC%25EC%25A0%2584%25ED%259E%2588_%25EC%25B0%25AC%25EB%259E%2580%25ED%2595%259C?gl=KR%26hl=en%26id=lyfEcv2NNlU.P'}, 'buy': {'Naver Store': 'http://serieson.naver.com/movie/detail.nhn?productNo=5625049', 'Google Play Movies': 'https://play.google.com/store/movies/details/%25EB%2582%25A8%25EA%25B3%25BC_%25EC%2597%25AC_%25EC%2597%25AC%25EC%25A0%2584%25ED%259E%2588_%25EC%25B0%25AC%25EB%259E%2580%25ED%2595%259C?gl=KR%26hl=en%26id=lyfEcv2NNlU.P'}}"
가족이 되기까지,"{'streaming': {'Watcha': 'https://watcha.com/contents/m5Nvz22'}, 'rent': {'Google Play Movies': 'https://play.google.com/store/movies/details/%25EA%25B0%2580%25EC%25A1%25B1%25EC%259D%25B4_%25EB%2590%2598%25EA%25B8%25B0%25EA%25B9%258C%25EC%25A7%2580?gl=KR%26hl=en%26id=qLMLigSLN8s.P'}, 'buy': {'Naver Store': 'http://serieson.naver.com/movie/detail.nhn?productNo=4602720', 'Google Play Movies': 'https://play.google.com/store/movies/details/%25EA%25B0%2580%25EC%25A1%25B1%25EC%259D%25B4_%25EB%2590%2598%25EA%25B8%25B0%25EA%25B9%258C%25EC%25A7%2580?gl=KR%26hl=en%26id=qLMLigSLN8s.P'}}"
Roh,"{'streaming': {}, 'rent': {}, 'buy': {}}"
Arctic Dogs,"{'streaming': {}, 'rent': {}, 'buy': {}}"
검은 문,"{'streaming': {'wavve': 'https://www.wavve.com/player/movie?movieid=MV_CU01_DL0000012839'}, 'rent': {'wavve': 'https://www.wavve.com/player/movie?movieid=MV_CU01_DL0000012839'}, 'buy': {}}"
데드 위크: 인생마감 7일전,"{'streaming': {'Watcha': 'https://watcha.com/contents/mWJD2oR'}, 'rent': {'wavve': 'https://www.wavve.com/player/movie?movieid=MV_CT01_MBC000012786', 'Google Play Movies': 'https://play.google.com/store/movies/details/%25EB%258D%25B0%25EB%2593%259C_%25EC%259C%2584%25ED%2581%25AC_%25EC%259D%25B8%25EC%2583%259D%25EB%25A7%2588%25EA%25B0%2590_7%25EC%259D%25BC%25EC%25A0%2584?gl=KR%26hl=en%26id=MdZT_xLhUQ8.P'}, 'buy': {'Naver Store': 'http://serieson.naver.com/movie/detail.nhn?productNo=4476221', 'Google Play Movies': 'https://play.google.com/store/movies/details/%25EB%258D%25B0%25EB%2593%259C_%25EC%259C%2584%25ED%2581%25AC_%25EC%259D%25B8%25EC%2583%259D%25EB%25A7%2588%25EA%25B0%2590_7%25EC%259D%25BC%25EC%25A0%2584?gl=KR%26hl=en%26id=MdZT_xLhUQ8.P'}}"
라지,"{'streaming': {'Amazon Prime Video': 'https://app.primevideo.com/detail?gti=amzn1.dv.gti.d8b20b27-afaa-29cf-4f42-7c491f05dd77'}, 'rent': {}, 'buy': {}}"
지금 만나러 갑니다,"{'streaming': {'Netflix': 'http://www.netflix.com/title/80991555', 'wavve': 'https://www.wavve.com/player/movie?movieid=MV_C901_SG0000109280', 'Watcha': 'https://watcha.com/contents/m5GXDep'}, 'rent': {'wavve': 'https://www.wavve.com/player/movie?movieid=MV_C901_SG0000109280', 'Google Play Movies': 'https://play.google.com/store/movies/details/%25EC%25A7%2580%25EA%25B8%2588_%25EB%25A7%258C%25EB%2582%2598%25EB%259F%25AC_%25EA%25B0%2591%25EB%258B%2588%25EB%258B%25A4?gl=KR%26hl=en%26id=suiZ1QSibWY'}, 'buy': {'Naver Store': 'http://serieson.naver.com/movie/detail.nhn?productNo=3361223', 'Google Play Movies': 'https://play.google.com/store/movies/details/%25EC%25A7%2580%25EA%25B8%2588_%25EB%25A7%258C%25EB%2582%2598%25EB%259F%25AC_%25EA%25B0%2591%25EB%258B%2588%25EB%258B%25A4?gl=KR%26hl=en%26id=suiZ1QSibWY'}}"
트립 투 아메리카,"{'streaming': {'wavve': 'https://www.wavve.com/player/movie?movieid=MV_CU01_DL0000012835'}, 'rent': {'wavve': 'https://www.wavve.com/player/movie?movieid=MV_CU01_DL0000012835', 'Google Play Movies': 'https://play.google.com/store/movies/details/%25ED%258A%25B8%25EB%25A6%25BD_%25ED%2588%25AC_%25EC%2595%2584%25EB%25A9%2594%25EB%25A6%25AC%25EC%25B9%25B4?gl=KR%26hl=en%26id=ZBvDb_9wUaE.P'}, 'buy': {'Naver Store': 'http://serieson.naver.com/movie/detail.nhn?productNo=6158868', 'Google Play Movies': 'https://play.google.com/store/movies/details/%25ED%258A%25B8%25EB%25A6%25BD_%25ED%2588%25AC_%25EC%2595%2584%25EB%25A9%2594%25EB%25A6%25AC%25EC%25B9%25B4?gl=KR%26hl=en%26id=ZBvDb_9wUaE.P'}}"
Fiddler: A Miracle of Miracles,"{'streaming': {'BroadwayHD': 'https://www.broadwayhd.com/movies/AXiKlumOUBt2HP4hZcYw'}, 'rent': {}, 'buy': {}}"
브릿마리 여기 있다,"{'streaming': {'wavve': 'https://www.wavve.com/player/movie?movieid=MV_C901_SG0000130104', 'Watcha': 'https://watcha.com/contents/mOgjQo9'}, 'rent': {'wavve': 'https://www.wavve.com/player/movie?movieid=MV_C901_SG0000130104', 'Google Play Movies': 'https://play.google.com/store/movies/details/%25EB%25B8%258C%25EB%25A6%25BF%25EB%25A7%2588%25EB%25A6%25AC_%25EC%2597%25AC%25EA%25B8%25B0_%25EC%259E%2588%25EB%258B%25A4?gl=KR%26hl=en%26id=eoTwAWG-YTs.P'}, 'buy': {'Naver Store': 'http://serieson.naver.com/movie/detail.nhn?productNo=5246254', 'Google Play Movies': 'https://play.google.com/store/movies/details/%25EB%25B8%258C%25EB%25A6%25BF%25EB%25A7%2588%25EB%25A6%25AC_%25EC%2597%25AC%25EA%25B8%25B0_%25EC%259E%2588%25EB%258B%25A4?gl=KR%26hl=en%26id=eoTwAWG-YTs.P'}}"
셀라 앤 더 스페이드,"{'streaming': {'Amazon Prime Video': 'https://app.primevideo.com/detail?gti=amzn1.dv.gti.1eb8a279-372e-10b2-4d87-865258442650'}, 'rent': {}, 'buy': {}}"
Goliath,"{'streaming': {}, 'rent': {}, 'buy': {}}"
벌지대전투 지옥의 사수작전,"{'streaming': {'Watcha': 'https://watcha.com/contents/m5Y6Lj3'}, 'rent': {'wavve': 'https://www.wavve.com/player/movie?movieid=MV_CK01_TCO000012053', 'Google Play Movies': 'https://play.google.com/store/movies/details/%25EB%25B2%258C%25EC%25A7%2580%25EB%258C%2580%25EC%25A0%2584%25ED%2588%25AC_%25EC%25A7%2580%25EC%2598%25A5%25EC%259D%2598_%25EC%2582%25AC%25EC%2588%2598%25EC%259E%2591%25EC%25A0%2584_%25EC%259E%2590%25EB%25A7%2589%25ED%258C%2590?gl=KR%26hl=en%26id=_wZ0OjlB_E4'}, 'buy': {'Naver Store': 'http://serieson.naver.com/movie/detail.nhn?productNo=3491219', 'Google Play Movies': 'https://play.google.com/store/movies/details/%25EB%25B2%258C%25EC%25A7%2580%25EB%258C%2580%25EC%25A0%2584%25ED%2588%25AC_%25EC%25A7%2580%25EC%2598%25A5%25EC%259D%2598_%25EC%2582%25AC%25EC%2588%2598%25EC%259E%2591%25EC%25A0%2584_%25EC%259E%2590%25EB%25A7%2589%25ED%258C%2590?gl=KR%26hl=en%26id=_wZ0OjlB_E4'}}"
늑대의 살갗 아래,"{'streaming': {'Netflix': 'http://www.netflix.com/title/80168029'}, 'rent': {}, 'buy': {}}"
착한 엄마친구 2,"{'streaming': {}, 'rent': {'Google Play Movies': 'https://play.google.com/store/movies/details/%25EC%25B0%25A9%25ED%2595%259C_%25EC%2597%2584%25EB%25A7%2588%25EC%25B9%259C%25EA%25B5%25AC2?gl=KR%26hl=en%26id=yuvce4Ii22s'}, 'buy': {'Google Play Movies': 'https://play.google.com/store/movies/details/%25EC%25B0%25A9%25ED%2595%259C_%25EC%2597%2584%25EB%25A7%2588%25EC%25B9%259C%25EA%25B5%25AC2?gl=KR%26hl=en%26id=yuvce4Ii22s'}}"
더 케이지,"{'streaming': {'Watcha': 'https://watcha.com/contents/m5ek7x3'}, 'rent': {'wavve': 'https://www.wavve.com/player/movie?movieid=MV_CT01_MBC000013416'}, 'buy': {'Naver Store': 'http://serieson.naver.com/movie/detail.nhn?productNo=4967609'}}"
블러드 킬,"{'streaming': {}, 'rent': {'wavve': 'https://www.wavve.com/player/movie?movieid=MV_C3001_C300000012339'}, 'buy': {'Google Play Movies': 'https://play.google.com/store/movies/details/%25EB%25B8%2594%25EB%259F%25AC%25EB%2593%259C_%25ED%2582%25AC?gl=KR%26hl=en%26id=PL3rrhc0hJE.P'}}"
스튜던트 오브 더 이어 2,"{'streaming': {'Amazon Prime Video': 'https://app.primevideo.com/detail?gti=amzn1.dv.gti.98b5fcc0-63e8-ff55-731d-4bb8f25a3de9'}, 'rent': {}, 'buy': {}}"
The Perfect Host: A Southern Gothic Tale,"{'streaming': {'Plex': 'https://watch.plex.tv/movie/the-perfect-host-a-southern-gothic-tale?autoplay=1%26utm_source=justWatch-catalog%26utm_medium=deeplink%26utm_content=60abf6584c91d1002cd07a16'}, 'rent': {}, 'buy': {}}"
에이미 슈머: 성장 코미디,"{'streaming': {'Netflix': 'http://www.netflix.com/title/81037077'}, 'rent': {}, 'buy': {}}"
레드 아일랜드,"{'streaming': {'wavve': 'https://www.wavve.com/player/movie?movieid=MV_CL01_JY0000012202', 'Watcha': 'https://watcha.com/contents/m5ek7gM'}, 'rent': {'wavve': 'https://www.wavve.com/player/movie?movieid=MV_CL01_JY0000012202'}, 'buy': {'Naver Store': 'http://serieson.naver.com/movie/detail.nhn?productNo=5023127', 'Google Play Movies': 'https://play.google.com/store/movies/details/%25EB%25A0%2588%25EB%2593%259C_%25EC%2595%2584%25EC%259D%25BC%25EB%259E%259C%25EB%2593%259C?gl=KR%26hl=en%26id=YqVd-Ek-P9Q.P'}}"
Better Days,"{'streaming': {'Plex': 'https://watch.plex.tv/movie/better-days-2019-4?autoplay=1%26utm_source=justWatch-catalog%26utm_medium=deeplink%26utm_content=614df67c618cd92600c7723c'}, 'rent': {}, 'buy': {}}"
데이비드 포스터: 오프 더 레코드,"{'streaming': {'Netflix': 'http://www.netflix.com/title/81214083'}, 'rent': {}, 'buy': {}}"
샤크프렌지,"{'streaming': {'Watcha': 'https://watcha.com/contents/m5Goj1v'}, 'rent': {}, 'buy': {'Naver Store': 'http://serieson.naver.com/movie/detail.nhn?productNo=4345152'}}"
레모네이드,"{'streaming': {}, 'rent': {'Google Play Movies': 'https://play.google.com/store/movies/details/%25EB%25A0%2588%25EB%25AA%25A8%25EB%2584%25A4%25EC%259D%25B4%25EB%2593%259C?gl=KR%26hl=en%26id=UrN4tiUWOlM.P'}, 'buy': {'Naver Store': 'http://serieson.naver.com/movie/detail.nhn?productNo=4211325', 'Google Play Movies': 'https://play.google.com/store/movies/details/%25EB%25A0%2588%25EB%25AA%25A8%25EB%2584%25A4%25EC%259D%25B4%25EB%2593%259C?gl=KR%26hl=en%26id=UrN4tiUWOlM.P'}}"
Vitamania: The Sense and Nonsense of Vitamins,"{'streaming': {'Curiosity Stream': 'https://app.curiositystream.com/video/2112'}, 'rent': {}, 'buy': {}}"
라라의 신비한 모험,"{'streaming': {}, 'rent': {'wavve': 'https://www.wavve.com/player/movie?movieid=MV_CW01_CW0000011560'}, 'buy': {'Naver Store': 'http://serieson.naver.com/movie/detail.nhn?productNo=6067527', 'Google Play Movies': 'https://play.google.com/store/movies/details/%25EB%259D%25BC%25EB%259D%25BC%25EC%259D%2598_%25EC%258B%25A0%25EB%25B9%2584%25ED%2595%259C_%25EB%25AA%25A8%25ED%2597%2598?gl=KR%26hl=en%26id=zNTKkswABsA.P'}}"
버디와 함께 해피 엔딩,"{'streaming': {'Netflix': 'http://www.netflix.com/title/80202273'}, 'rent': {}, 'buy': {}}"
"그날, 패러다이스","{'streaming': {'Netflix': 'http://www.netflix.com/title/81050375'}, 'rent': {}, 'buy': {}}"
The Neighbors' Window,"{'streaming': {}, 'rent': {}, 'buy': {}}"
Charm City,"{'streaming': {'DocAlliance Films': 'https://asia.dafilms.com/film/12286-charm-city'}, 'rent': {'DocAlliance Films': 'https://asia.dafilms.com/film/12286-charm-city'}, 'buy': {}}"
쥬라기 펫의 모험,"{'streaming': {'Watcha': 'https://watcha.com/contents/mOAk9ej'}, 'rent': {}, 'buy': {'Naver Store': 'http://serieson.naver.com/movie/detail.nhn?productNo=4703439', 'Google Play Movies': 'https://play.google.com/store/movies/details/%25EC%25A5%25AC%25EB%259D%25BC%25EA%25B8%25B0_%25ED%258E%25AB%25EC%259D%2598_%25EB%25AA%25A8%25ED%2597%2598?gl=KR%26hl=en%26id=bddit2B-yxU.P'}}"
"과학, 지식 릴레이","{'streaming': {'Netflix': 'http://www.netflix.com/title/80222042'}, 'rent': {}, 'buy': {}}"
Give Up the Ghost,"{'streaming': {}, 'rent': {}, 'buy': {}}"
아나운서 살인사건,"{'streaming': {'wavve': 'https://www.wavve.com/player/movie?movieid=MV_CT01_MBC000012587', 'Watcha': 'https://watcha.com/contents/mdj24vw'}, 'rent': {'wavve': 'https://www.wavve.com/player/movie?movieid=MV_CT01_MBC000012587'}, 'buy': {'Naver Store': 'http://serieson.naver.com/movie/detail.nhn?productNo=4253163', 'Google Play Movies': 'https://play.google.com/store/movies/details/%25EC%2595%2584%25EB%2582%2598%25EC%259A%25B4%25EC%2584%259C_%25EC%2582%25B4%25EC%259D%25B8%25EC%2582%25AC%25EA%25B1%25B4?gl=KR%26hl=en%26id=Of6l6iB9ElQ.P'}}"
손치리야: 마지막 구원,"{'streaming': {}, 'rent': {'wavve': 'https://www.wavve.com/player/movie?movieid=MV_PB01_PB0000000457'}, 'buy': {'Naver Store': 'http://serieson.naver.com/movie/detail.nhn?productNo=6620035'}}"
적인걸: 용의 강림,"{'streaming': {}, 'rent': {'wavve': 'https://www.wavve.com/player/movie?movieid=MV_LX01_LX0000000674'}, 'buy': {'Naver Store': 'http://serieson.naver.com/movie/detail.nhn?productNo=5909750', 'Google Play Movies': 'https://play.google.com/store/movies/details/%25EC%25A0%2581%25EC%259D%25B8%25EA%25B1%25B8_%25EC%259A%25A9%25EC%259D%2598_%25EA%25B0%2595%25EB%25A6%25BC?gl=KR%26hl=en%26id=7oj_hxsYDzw.P'}}"
목격자,"{'streaming': {'Netflix': 'http://www.netflix.com/title/81031585', 'wavve': 'https://www.wavve.com/player/movie?movieid=MV_CJ01_CA0000011419'}, 'rent': {'wavve': 'https://www.wavve.com/player/movie?movieid=MV_CJ01_CA0000011419', 'Google Play Movies': 'https://play.google.com/store/movies/details/%25EB%25AA%25A9%25EA%25B2%25A9%25EC%259E%2590?gl=KR%26hl=en%26id=cPy_mevoLg8'}, 'buy': {'Naver Store': 'http://serieson.naver.com/movie/detail.nhn?productNo=3623912', 'Google Play Movies': 'https://play.google.com/store/movies/details/%25EB%25AA%25A9%25EA%25B2%25A9%25EC%259E%2590?gl=KR%26hl=en%26id=cPy_mevoLg8'}}"
알카트라즈: 죽음의 수용소,"{'streaming': {}, 'rent': {'wavve': 'https://www.wavve.com/player/movie?movieid=MV_CK01_TCO000012344', 'Google Play Movies': 'https://play.google.com/store/movies/details/%25EC%2595%258C%25EC%25B9%25B4%25ED%258A%25B8%25EB%259D%25BC%25EC%25A6%2588_%25EC%25A3%25BD%25EC%259D%258C%25EC%259D%2598_%25EC%2588%2598%25EC%259A%25A9%25EC%2586%258C?gl=KR%26hl=en%26id=Vfrp7rM42o8.P'}, 'buy': {'Google Play Movies': 'https://play.google.com/store/movies/details/%25EC%2595%258C%25EC%25B9%25B4%25ED%258A%25B8%25EB%259D%25BC%25EC%25A6%2588_%25EC%25A3%25BD%25EC%259D%258C%25EC%259D%2598_%25EC%2588%2598%25EC%259A%25A9%25EC%2586%258C?gl=KR%26hl=en%26id=Vfrp7rM42o8.P', 'Naver Store': 'http://serieson.naver.com/movie/detail.nhn?productNo=4666477'}}"
보물섬,"{'streaming': {'Mubi': 'https://mubi.com/films/treasure-island-2018'}, 'rent': {}, 'buy': {}}"
The Kingdom: How Fungi Made Our World,"{'streaming': {'Curiosity Stream': 'https://app.curiositystream.com/video/1853'}, 'rent': {}, 'buy': {}}"
