title,ott
인간실격,"{'streaming': {'wavve': 'https://www.wavve.com/player/movie?movieid=MV_CX01_CX0000011426', 'Watcha': 'https://watcha.com/contents/m5X2MYz'}, 'rent': {'wavve': 'https://www.wavve.com/player/movie?movieid=MV_CX01_CX0000011426', 'Google Play Movies': 'https://play.google.com/store/movies/details/%25EC%259D%25B8%25EA%25B0%2584%25EC%258B%25A4%25EA%25B2%25A9?gl=KR%26hl=en%26id=3QgweJULGVs.P'}, 'buy': {'Naver Store': 'http://serieson.naver.com/movie/detail.nhn?productNo=5131938', 'Google Play Movies': 'https://play.google.com/store/movies/details/%25EC%259D%25B8%25EA%25B0%2584%25EC%258B%25A4%25EA%25B2%25A9?gl=KR%26hl=en%26id=3QgweJULGVs.P'}}"
수퍼 소닉,"{'streaming': {'Netflix': 'http://www.netflix.com/title/80217006'}, 'rent': {'Naver Store': 'http://serieson.naver.com/movie/detail.nhn?productNo=4930103', 'Google Play Movies': 'https://play.google.com/store/movies/details/%25EC%258A%2588%25ED%258D%25BC_%25EC%2586%258C%25EB%258B%2589?gl=KR%26hl=en%26id=Klddyx4Xnc0.P', 'wavve': 'https://www.wavve.com/player/movie?movieid=MV_CQ01_PT0000011328'}, 'buy': {'Google Play Movies': 'https://play.google.com/store/movies/details/%25EC%258A%2588%25ED%258D%25BC_%25EC%2586%258C%25EB%258B%2589?gl=KR%26hl=en%26id=TWMYDHJ1Hgo.P', 'wavve': 'https://www.wavve.com/player/movie?movieid=MV_CQ01_PT0000011328', 'Naver Store': 'http://serieson.naver.com/movie/detail.nhn?productNo=4930102'}}"
원더 우먼 1984,"{'streaming': {}, 'rent': {}, 'buy': {'Google Play Movies': 'https://play.google.com/store/movies/details/%25EC%259B%2590%25EB%258D%2594%25EC%259A%25B0%25EB%25A8%25BC_1984?gl=KR%26hl=en%26id=wwzLm53-2FM.P', 'Naver Store': 'http://serieson.naver.com/movie/detail.nhn?productNo=5861836'}}"
비바리움,"{'streaming': {'wavve': 'https://www.wavve.com/player/movie?movieid=MV_C901_SG0000131134', 'Watcha': 'https://watcha.com/contents/mdj24Aa'}, 'rent': {'wavve': 'https://www.wavve.com/player/movie?movieid=MV_C901_SG0000131134', 'Google Play Movies': 'https://play.google.com/store/movies/details/%25EB%25B9%2584%25EB%25B0%2594%25EB%25A6%25AC%25EC%259B%2580?gl=KR%26hl=en%26id=jufmFJ7gyoM.P'}, 'buy': {'Naver Store': 'http://serieson.naver.com/movie/detail.nhn?productNo=5399142', 'Google Play Movies': 'https://play.google.com/store/movies/details/%25EB%25B9%2584%25EB%25B0%2594%25EB%25A6%25AC%25EC%259B%2580?gl=KR%26hl=en%26id=jufmFJ7gyoM.P'}}"
페이트/스테이 나이트 [헤븐즈 필]: 제2장 로스트 버터플라이,"{'streaming': {'Watcha': 'https://watcha.com/contents/mWwwa24'}, 'rent': {'Google Play Movies': 'https://play.google.com/store/movies/details/%25ED%258E%2598%25EC%259D%25B4%25ED%258A%25B8_%25EC%258A%25A4%25ED%2585%258C%25EC%259D%25B4_%25EB%2582%2598%25EC%259D%25B4%25ED%258A%25B8_%25ED%2597%25A4%25EB%25B8%2590%25EC%25A6%2588%25ED%2595%2584_%25EC%25A0%259C2%25EC%259E%25A5_%25EB%25A1%259C%25EC%258A%25A4%25ED%258A%25B8_%25EB%25B2%2584%25ED%2584%25B0%25ED%2594%258C%25EB%259D%25BC%25EC%259D%25B4_%25EC%259E%2590%25EB%25A7%2589?gl=KR%26hl=en%26id=5WCqHLbwJys.P'}, 'buy': {'Naver Store': 'http://serieson.naver.com/movie/detail.nhn?productNo=4437763', 'Google Play Movies': 'https://play.google.com/store/movies/details/%25ED%258E%2598%25EC%259D%25B4%25ED%258A%25B8_%25EC%258A%25A4%25ED%2585%258C%25EC%259D%25B4_%25EB%2582%2598%25EC%259D%25B4%25ED%258A%25B8_%25ED%2597%25A4%25EB%25B8%2590%25EC%25A6%2588%25ED%2595%2584_%25EC%25A0%259C2%25EC%259E%25A5_%25EB%25A1%259C%25EC%258A%25A4%25ED%258A%25B8_%25EB%25B2%2584%25ED%2584%25B0%25ED%2594%258C%25EB%259D%25BC%25EC%259D%25B4_%25EC%259E%2590%25EB%25A7%2589?gl=KR%26hl=en%26id=5WCqHLbwJys.P'}}"
양자물리학,"{'streaming': {'Watcha': 'https://watcha.com/contents/m5XKVDL'}, 'rent': {'wavve': 'https://www.wavve.com/player/movie?movieid=MV_EN01_EN000000216', 'Naver Store': 'http://serieson.naver.com/movie/detail.nhn?productNo=4839539', 'Google Play Movies': 'https://play.google.com/store/movies/details/%25EC%2596%2591%25EC%259E%2590%25EB%25AC%25BC%25EB%25A6%25AC%25ED%2595%2599?gl=KR%26hl=en%26id=ShWpnp028is.P'}, 'buy': {'wavve': 'https://www.wavve.com/player/movie?movieid=MV_EN01_EN000000216', 'Naver Store': 'http://serieson.naver.com/movie/detail.nhn?productNo=4839540', 'Google Play Movies': 'https://play.google.com/store/movies/details/%25EC%2596%2591%25EC%259E%2590%25EB%25AC%25BC%25EB%25A6%25AC%25ED%2595%2599?gl=KR%26hl=en%26id=ShWpnp028is.P'}}"
몬스터 헌터,"{'streaming': {'Netflix': 'http://www.netflix.com/title/80987626'}, 'rent': {'Google Play Movies': 'https://play.google.com/store/movies/details/%25EB%25AA%25AC%25EC%258A%25A4%25ED%2584%25B0_%25ED%2597%258C%25ED%2584%25B0_Monster_Hunter?gl=KR%26hl=en%26id=jdFtPHzGhVw.P', 'wavve': 'https://www.wavve.com/player/movie?movieid=MV_CF01_SY0000011690'}, 'buy': {'Google Play Movies': 'https://play.google.com/store/movies/details/%25EB%25AA%25AC%25EC%258A%25A4%25ED%2584%25B0_%25ED%2597%258C%25ED%2584%25B0_Monster_Hunter?gl=KR%26hl=en%26id=jdFtPHzGhVw.P', 'wavve': 'https://www.wavve.com/player/movie?movieid=MV_CF01_SY0000011690'}}"
강철비 2: 정상회담,"{'streaming': {'Watcha': 'https://watcha.com/contents/mOkLvkQ'}, 'rent': {'wavve': 'https://www.wavve.com/player/movie?movieid=MV_CT01_MBC000013377', 'Google Play Movies': 'https://play.google.com/store/movies/details/%25EA%25B0%2595%25EC%25B2%25A0%25EB%25B9%25842_%25EC%25A0%2595%25EC%2583%2581%25ED%259A%258C%25EB%258B%25B4_%25ED%2599%2595%25EC%259E%25A5%25ED%258C%2590?gl=KR%26hl=en%26id=uZgA-_Hxi_E.P'}, 'buy': {'Naver Store': 'http://serieson.naver.com/movie/detail.nhn?productNo=5411524', 'Google Play Movies': 'https://play.google.com/store/movies/details/%25EA%25B0%2595%25EC%25B2%25A0%25EB%25B9%25842_%25EC%25A0%2595%25EC%2583%2581%25ED%259A%258C%25EB%258B%25B4_%25ED%2599%2595%25EC%259E%25A5%25ED%258C%2590?gl=KR%26hl=en%26id=uZgA-_Hxi_E.P'}}"
알라딘: 램프의 신,"{'streaming': {}, 'rent': {'wavve': 'https://www.wavve.com/player/movie?movieid=MV_C3001_C300000012127'}, 'buy': {'Google Play Movies': 'https://play.google.com/store/movies/details/%25EC%2595%258C%25EB%259D%25BC%25EB%2594%2598_%25EB%259E%25A8%25ED%2594%2584%25EC%259D%2598_%25EC%258B%25A0?gl=KR%26hl=en%26id=RBcz0U0Phlo.P'}}"
싱크로닉,"{'streaming': {}, 'rent': {'wavve': 'https://www.wavve.com/player/movie?movieid=MV_CK01_TCO000012699', 'Google Play Movies': 'https://play.google.com/store/movies/details/%25EC%258B%25B1%25ED%2581%25AC%25EB%25A1%259C%25EB%258B%2589?gl=KR%26hl=en%26id=xtXty6xMdfE.P'}, 'buy': {'Naver Store': 'http://serieson.naver.com/movie/detail.nhn?productNo=6107726', 'Google Play Movies': 'https://play.google.com/store/movies/details/%25EC%258B%25B1%25ED%2581%25AC%25EB%25A1%259C%25EB%258B%2589?gl=KR%26hl=en%26id=xtXty6xMdfE.P'}}"
사진사의 여자,"{'streaming': {}, 'rent': {'wavve': 'https://www.wavve.com/player/movie?movieid=MV_CT01_MBC000013685', 'Google Play Movies': 'https://play.google.com/store/movies/details/%25EC%2582%25AC%25EC%25A7%2584%25EC%2582%25AC%25EC%259D%2598_%25EC%2597%25AC%25EC%259E%2590?gl=KR%26hl=en%26id=5NtjxaGGZmY.P'}, 'buy': {'Naver Store': 'http://serieson.naver.com/movie/detail.nhn?productNo=6506202', 'Google Play Movies': 'https://play.google.com/store/movies/details/%25EC%2582%25AC%25EC%25A7%2584%25EC%2582%25AC%25EC%259D%2598_%25EC%2597%25AC%25EC%259E%2590?gl=KR%26hl=en%26id=5NtjxaGGZmY.P'}}"
말레피센트 2,"{'streaming': {}, 'rent': {}, 'buy': {'Naver Store': 'http://serieson.naver.com/movie/detail.nhn?productNo=4750019', 'Google Play Movies': 'https://play.google.com/store/movies/details/%25EB%25A7%2590%25EB%25A0%2588%25ED%2594%25BC%25EC%2584%25BC%25ED%258A%25B8_2_%25EB%258D%2594%25EB%25B9%2599%25ED%258C%2590?gl=KR%26hl=en%26id=OHH7WAr4ePM'}}"
미녀 삼총사 3,"{'streaming': {}, 'rent': {'Google Play Movies': 'https://play.google.com/store/movies/details/%25EB%25AF%25B8%25EB%2585%2580_%25EC%2582%25BC%25EC%25B4%259D%25EC%2582%25AC_3_Charlie_s_Angels?gl=KR%26hl=en%26id=EqdccJhxwGI.P', 'wavve': 'https://www.wavve.com/player/movie?movieid=MV_CF01_SY0000011602', 'Naver Store': 'http://serieson.naver.com/movie/detail.nhn?productNo=4893262'}, 'buy': {'Google Play Movies': 'https://play.google.com/store/movies/details/%25EB%25AF%25B8%25EB%2585%2580_%25EC%2582%25BC%25EC%25B4%259D%25EC%2582%25AC_3_Charlie_s_Angels?gl=KR%26hl=en%26id=EqdccJhxwGI.P', 'Naver Store': 'http://serieson.naver.com/movie/detail.nhn?productNo=4971625', 'wavve': 'https://www.wavve.com/player/movie?movieid=MV_CF01_SY0000011602'}}"
운디네,"{'streaming': {'wavve': 'https://www.wavve.com/player/movie?movieid=MV_CK01_TCO000012645'}, 'rent': {'wavve': 'https://www.wavve.com/player/movie?movieid=MV_CK01_TCO000012645', 'Google Play Movies': 'https://play.google.com/store/movies/details/%25EC%259A%25B4%25EB%2594%2594%25EB%2584%25A4?gl=KR%26hl=en%26id=XybCC1Kr7sg.P'}, 'buy': {'Naver Store': 'http://serieson.naver.com/movie/detail.nhn?productNo=5865477', 'Google Play Movies': 'https://play.google.com/store/movies/details/%25EC%259A%25B4%25EB%2594%2594%25EB%2584%25A4?gl=KR%26hl=en%26id=XybCC1Kr7sg.P'}}"
람보: 라스트 워,"{'streaming': {}, 'rent': {'wavve': 'https://www.wavve.com/player/movie?movieid=MV_C3001_C300000012103'}, 'buy': {'Google Play Movies': 'https://play.google.com/store/movies/details/%25EB%259E%258C%25EB%25B3%25B4_%25EB%259D%25BC%25EC%258A%25A4%25ED%258A%25B8_%25EC%259B%258C?gl=KR%26hl=en%26id=jfIrmoYlqb4.P'}}"
더 스웜,"{'streaming': {'Netflix': 'http://www.netflix.com/title/81222576'}, 'rent': {}, 'buy': {}}"
인베이젼 2020,"{'streaming': {}, 'rent': {'wavve': 'https://www.wavve.com/player/movie?movieid=MV_CK01_TCO000012502', 'Google Play Movies': 'https://play.google.com/store/movies/details/%25EC%259D%25B8%25EB%25B2%25A0%25EC%259D%25B4%25EC%25A0%25BC_2020?gl=KR%26hl=en%26id=B03jIAYDnu0.P'}, 'buy': {'Naver Store': 'http://serieson.naver.com/movie/detail.nhn?productNo=5306135', 'Google Play Movies': 'https://play.google.com/store/movies/details/%25EC%259D%25B8%25EB%25B2%25A0%25EC%259D%25B4%25EC%25A0%25BC_2020?gl=KR%26hl=en%26id=B03jIAYDnu0.P'}}"
음양사: 청아집,"{'streaming': {'Netflix': 'http://www.netflix.com/title/81386963'}, 'rent': {}, 'buy': {}}"
라스트 레터,"{'streaming': {'wavve': 'https://www.wavve.com/player/movie?movieid=MV_CK01_TCO000012685'}, 'rent': {'wavve': 'https://www.wavve.com/player/movie?movieid=MV_CK01_TCO000012685', 'Google Play Movies': 'https://play.google.com/store/movies/details/%25EB%259D%25BC%25EC%258A%25A4%25ED%258A%25B8_%25EB%25A0%2588%25ED%2584%25B0?gl=KR%26hl=en%26id=AzXQVPI2UOQ.P'}, 'buy': {'Naver Store': 'http://serieson.naver.com/movie/detail.nhn?productNo=6011900', 'Google Play Movies': 'https://play.google.com/store/movies/details/%25EB%259D%25BC%25EC%258A%25A4%25ED%258A%25B8_%25EB%25A0%2588%25ED%2584%25B0?gl=KR%26hl=en%26id=AzXQVPI2UOQ.P'}}"
크롤,"{'streaming': {'Netflix': 'http://www.netflix.com/title/80203186'}, 'rent': {'Google Play Movies': 'https://play.google.com/store/movies/details/%25ED%2581%25AC%25EB%25A1%25A4?gl=KR%26hl=en%26id=NvuTKWWorlU.P', 'wavve': 'https://www.wavve.com/player/movie?movieid=MV_CQ01_PT0000011299', 'Naver Store': 'http://serieson.naver.com/movie/detail.nhn?productNo=4706746'}, 'buy': {'Google Play Movies': 'https://play.google.com/store/movies/details/%25ED%2581%25AC%25EB%25A1%25A4?gl=KR%26hl=en%26id=NvuTKWWorlU.P', 'wavve': 'https://www.wavve.com/player/movie?movieid=MV_CQ01_PT0000011299', 'Naver Store': 'http://serieson.naver.com/movie/detail.nhn?productNo=4706747'}}"
베이비티스,"{'streaming': {'wavve': 'https://www.wavve.com/player/movie?movieid=MV_CK01_TCO000012591'}, 'rent': {'wavve': 'https://www.wavve.com/player/movie?movieid=MV_CK01_TCO000012591', 'Google Play Movies': 'https://play.google.com/store/movies/details/%25EB%25B2%25A0%25EC%259D%25B4%25EB%25B9%2584%25ED%258B%25B0%25EC%258A%25A4?gl=KR%26hl=en%26id=it2fDtphKtM.P'}, 'buy': {'Naver Store': 'http://serieson.naver.com/movie/detail.nhn?productNo=5663620', 'Google Play Movies': 'https://play.google.com/store/movies/details/%25EB%25B2%25A0%25EC%259D%25B4%25EB%25B9%2584%25ED%258B%25B0%25EC%258A%25A4?gl=KR%26hl=en%26id=it2fDtphKtM.P'}}"
안녕 베일리,"{'streaming': {'Watcha': 'https://watcha.com/contents/m5Z3Kl6'}, 'rent': {'wavve': 'https://www.wavve.com/player/movie?movieid=MV_EN01_EN000000503', 'Naver Store': 'http://serieson.naver.com/movie/detail.nhn?productNo=4499104'}, 'buy': {'wavve': 'https://www.wavve.com/player/movie?movieid=MV_EN01_EN000000503', 'Naver Store': 'http://serieson.naver.com/movie/detail.nhn?productNo=4499102'}}"
정직한 후보,"{'streaming': {'Netflix': 'http://www.netflix.com/title/81278007', 'wavve': 'https://www.wavve.com/player/movie?movieid=MV_CJ01_CA0000011695'}, 'rent': {'wavve': 'https://www.wavve.com/player/movie?movieid=MV_CJ01_CA0000011695', 'Naver Store': 'http://serieson.naver.com/movie/detail.nhn?productNo=4983579', 'Google Play Movies': 'https://play.google.com/store/movies/details/%25EC%25A0%2595%25EC%25A7%2581%25ED%2595%259C_%25ED%259B%2584%25EB%25B3%25B4?gl=KR%26hl=en%26id=QdioQmGDjaM.P'}, 'buy': {'Naver Store': 'http://serieson.naver.com/movie/detail.nhn?productNo=4983582', 'Google Play Movies': 'https://play.google.com/store/movies/details/%25EC%25A0%2595%25EC%25A7%2581%25ED%2595%259C_%25ED%259B%2584%25EB%25B3%25B4?gl=KR%26hl=en%26id=QdioQmGDjaM.P'}}"
오! 문희,"{'streaming': {'Watcha': 'https://watcha.com/contents/mOAkoMm'}, 'rent': {'wavve': 'https://www.wavve.com/player/movie?movieid=MV_EN01_EN000000030', 'Naver Store': 'http://serieson.naver.com/movie/detail.nhn?productNo=5542559'}, 'buy': {'wavve': 'https://www.wavve.com/player/movie?movieid=MV_EN01_EN000000030', 'Naver Store': 'http://serieson.naver.com/movie/detail.nhn?productNo=5533133'}}"
내일도 우린 사랑하고 있을까,"{'streaming': {'Netflix': 'http://www.netflix.com/title/81476790'}, 'rent': {'wavve': 'https://www.wavve.com/player/movie?movieid=MV_CX01_CX0000011531', 'Naver Store': 'http://serieson.naver.com/movie/detail.nhn?productNo=6048149', 'Google Play Movies': 'https://play.google.com/store/movies/details/%25EB%2582%25B4%25EC%259D%25BC%25EB%258F%2584_%25EC%259A%25B0%25EB%25A6%25B0_%25EC%2582%25AC%25EB%259E%2591%25ED%2595%2598%25EA%25B3%25A0_%25EC%259E%2588%25EC%259D%2584%25EA%25B9%258C?gl=KR%26hl=en%26id=OPsEyKSbIoU.P'}, 'buy': {'Naver Store': 'http://serieson.naver.com/movie/detail.nhn?productNo=6048148'}}"
크리스마스 괴담 : 4가지 이야기,"{'streaming': {}, 'rent': {}, 'buy': {'Google Play Movies': 'https://play.google.com/store/movies/details/%25ED%2581%25AC%25EB%25A6%25AC%25EC%258A%25A4%25EB%25A7%2588%25EC%258A%25A4_%25EA%25B4%25B4%25EB%258B%25B4_4%25EA%25B0%2580%25EC%25A7%2580_%25EC%259D%25B4%25EC%2595%25BC%25EA%25B8%25B0?gl=KR%26hl=en%26id=Qa79HxNa1kI.P'}}"
악플러 죽이기,"{'streaming': {'wavve': 'https://www.wavve.com/player/movie?movieid=MV_CU01_DL0000012465'}, 'rent': {'wavve': 'https://www.wavve.com/player/movie?movieid=MV_CU01_DL0000012465', 'Google Play Movies': 'https://play.google.com/store/movies/details/%25EC%2595%2585%25ED%2594%258C%25EB%259F%25AC_%25EC%25A3%25BD%25EC%259D%25B4%25EA%25B8%25B0?gl=KR%26hl=en%26id=rzf_MPJumh8.P'}, 'buy': {'Google Play Movies': 'https://play.google.com/store/movies/details/%25EC%2595%2585%25ED%2594%258C%25EB%259F%25AC_%25EC%25A3%25BD%25EC%259D%25B4%25EA%25B8%25B0?gl=KR%26hl=en%26id=rzf_MPJumh8.P'}}"
앤터벨룸,"{'streaming': {}, 'rent': {}, 'buy': {}}"
추억의 검정고무신,"{'streaming': {'Watcha': 'https://watcha.com/contents/m5mYJ2G'}, 'rent': {'wavve': 'https://www.wavve.com/player/movie?movieid=MV_C901_SG0000134534', 'Google Play Movies': 'https://play.google.com/store/movies/details/%25EC%25B6%2594%25EC%2596%25B5%25EC%259D%2598_%25EA%25B2%2580%25EC%25A0%2595%25EA%25B3%25A0%25EB%25AC%25B4%25EC%258B%25A0?gl=KR%26hl=en%26id=miOAEiqBl3Q.P'}, 'buy': {'Naver Store': 'http://serieson.naver.com/movie/detail.nhn?productNo=5724342', 'Google Play Movies': 'https://play.google.com/store/movies/details/%25EC%25B6%2594%25EC%2596%25B5%25EC%259D%2598_%25EA%25B2%2580%25EC%25A0%2595%25EA%25B3%25A0%25EB%25AC%25B4%25EC%258B%25A0?gl=KR%26hl=en%26id=miOAEiqBl3Q.P'}}"
올리버 색스-그의 생애,"{'streaming': {}, 'rent': {'Naver Store': 'http://serieson.naver.com/movie/detail.nhn?productNo=6585749', 'Google Play Movies': 'https://play.google.com/store/movies/details/%25EC%2598%25AC%25EB%25A6%25AC%25EB%25B2%2584_%25EC%2583%2589%25EC%258A%25A4_%25EA%25B7%25B8%25EC%259D%2598_%25EC%2583%259D%25EC%2595%25A0?gl=KR%26hl=en%26id=TPGRttLe6G8.P'}, 'buy': {'Naver Store': 'http://serieson.naver.com/movie/detail.nhn?productNo=6585748', 'Google Play Movies': 'https://play.google.com/store/movies/details/%25EC%2598%25AC%25EB%25A6%25AC%25EB%25B2%2584_%25EC%2583%2589%25EC%258A%25A4_%25EA%25B7%25B8%25EC%259D%2598_%25EC%2583%259D%25EC%2595%25A0?gl=KR%26hl=en%26id=TPGRttLe6G8.P'}}"
이십일세기 소녀,"{'streaming': {'Watcha': 'https://watcha.com/contents/m5Daka0'}, 'rent': {'wavve': 'https://www.wavve.com/player/movie?movieid=MV_CT01_MBC000013426', 'Google Play Movies': 'https://play.google.com/store/movies/details/%25EC%259D%25B4%25EC%258B%25AD%25EC%259D%25BC%25EC%2584%25B8%25EA%25B8%25B0_%25EC%2586%258C%25EB%2585%2580?gl=KR%26hl=en%26id=Wc9eVBrfGYU.P'}, 'buy': {'Naver Store': 'http://serieson.naver.com/movie/detail.nhn?productNo=5493823', 'Google Play Movies': 'https://play.google.com/store/movies/details/%25EC%259D%25B4%25EC%258B%25AD%25EC%259D%25BC%25EC%2584%25B8%25EA%25B8%25B0_%25EC%2586%258C%25EB%2585%2580?gl=KR%26hl=en%26id=Wc9eVBrfGYU.P'}}"
Thai Sisters,"{'streaming': {'Watcha': 'https://watcha.com/contents/mOkLleE'}, 'rent': {'wavve': 'https://www.wavve.com/player/movie?movieid=MV_LX01_LX0000000689'}, 'buy': {'Naver Store': 'http://serieson.naver.com/movie/detail.nhn?productNo=6034872'}}"
인투 더 미러,"{'streaming': {'Watcha': 'https://watcha.com/contents/mW4LLpP'}, 'rent': {'wavve': 'https://www.wavve.com/player/movie?movieid=MV_EN01_EN000000906', 'Naver Store': 'http://serieson.naver.com/movie/detail.nhn?productNo=5962402'}, 'buy': {'Naver Store': 'http://serieson.naver.com/movie/detail.nhn?productNo=3289343', 'wavve': 'https://www.wavve.com/player/movie?movieid=MV_EN01_EN000000906'}}"
오필리아,"{'streaming': {}, 'rent': {'wavve': 'https://www.wavve.com/player/movie?movieid=MV_CW01_CW0000011575', 'Naver Store': 'http://serieson.naver.com/movie/detail.nhn?productNo=6438851', 'Google Play Movies': 'https://play.google.com/store/movies/details/%25EC%2598%25A4%25ED%2595%2584%25EB%25A6%25AC%25EC%2595%2584?gl=KR%26hl=en%26id=MeRSHqVQc5E.P'}, 'buy': {'Naver Store': 'http://serieson.naver.com/movie/detail.nhn?productNo=6438852', 'wavve': 'https://www.wavve.com/player/movie?movieid=MV_CW01_CW0000011575', 'Google Play Movies': 'https://play.google.com/store/movies/details/%25EC%2598%25A4%25ED%2595%2584%25EB%25A6%25AC%25EC%2595%2584?gl=KR%26hl=en%26id=MeRSHqVQc5E.P'}}"
주둥이들,"{'streaming': {}, 'rent': {}, 'buy': {}}"
삼국지 : 무신 조자룡,"{'streaming': {'Watcha': 'https://watcha.com/contents/m5YLoXX'}, 'rent': {'wavve': 'https://www.wavve.com/player/movie?movieid=MV_CT01_MBC000013664', 'Google Play Movies': 'https://play.google.com/store/movies/details/%25EC%2582%25BC%25EA%25B5%25AD%25EC%25A7%2580_%25EB%25AC%25B4%25EC%258B%25A0_%25EC%25A1%25B0%25EC%259E%2590%25EB%25A3%25A1?gl=KR%26hl=en%26id=BliyeZrAeRc.P'}, 'buy': {'Naver Store': 'http://serieson.naver.com/movie/detail.nhn?productNo=6283376', 'Google Play Movies': 'https://play.google.com/store/movies/details/%25EC%2582%25BC%25EA%25B5%25AD%25EC%25A7%2580_%25EB%25AC%25B4%25EC%258B%25A0_%25EC%25A1%25B0%25EC%259E%2590%25EB%25A3%25A1?gl=KR%26hl=en%26id=BliyeZrAeRc.P'}}"
콘크리트 카우보이,"{'streaming': {'Netflix': 'http://www.netflix.com/title/81368729'}, 'rent': {}, 'buy': {}}"
장교와 스파이,"{'streaming': {'wavve': 'https://www.wavve.com/player/movie?movieid=MV_C901_SG0000134596', 'Watcha': 'https://watcha.com/contents/mOgjB3z'}, 'rent': {'wavve': 'https://www.wavve.com/player/movie?movieid=MV_C901_SG0000134596', 'Google Play Movies': 'https://play.google.com/store/movies/details/%25EC%259E%25A5%25EA%25B5%2590%25EC%2599%2580_%25EC%258A%25A4%25ED%258C%258C%25EC%259D%25B4?gl=KR%26hl=en%26id=4N36lbmucBY.P'}, 'buy': {'Naver Store': 'http://serieson.naver.com/movie/detail.nhn?productNo=5746849', 'Google Play Movies': 'https://play.google.com/store/movies/details/%25EC%259E%25A5%25EA%25B5%2590%25EC%2599%2580_%25EC%258A%25A4%25ED%258C%258C%25EC%259D%25B4?gl=KR%26hl=en%26id=4N36lbmucBY.P'}}"
미스비헤이비어,"{'streaming': {}, 'rent': {'wavve': 'https://www.wavve.com/player/movie?movieid=MV_CS01_PAN000011142', 'Naver Store': 'http://serieson.naver.com/movie/detail.nhn?productNo=5216014'}, 'buy': {'Naver Store': 'http://serieson.naver.com/movie/detail.nhn?productNo=5216013', 'Google Play Movies': 'https://play.google.com/store/movies/details/%25EB%25AF%25B8%25EC%258A%25A4%25EB%25B9%2584%25ED%2597%25A4%25EC%259D%25B4%25EB%25B9%2584%25EC%2596%25B4?gl=KR%26hl=en%26id=ZojhACeoFBM.P'}}"
리얼생존예능 펀하우스,"{'streaming': {}, 'rent': {'wavve': 'https://www.wavve.com/player/movie?movieid=MV_TW01_TW0000000662'}, 'buy': {'Google Play Movies': 'https://play.google.com/store/movies/details/%25EB%25A6%25AC%25EC%2596%25BC%25EC%2583%259D%25EC%25A1%25B4%25EC%2598%2588%25EB%258A%25A5_%25ED%258E%2580%25ED%2595%2598%25EC%259A%25B0%25EC%258A%25A4?gl=KR%26hl=en%26id=03qOnA671bk.P'}}"
너와 파도를 탈 수 있다면,"{'streaming': {'wavve': 'https://www.wavve.com/player/movie?movieid=MV_CK01_TCO000012507', 'Watcha': 'https://watcha.com/contents/mdKpRD7'}, 'rent': {'wavve': 'https://www.wavve.com/player/movie?movieid=MV_CK01_TCO000012507', 'Google Play Movies': 'https://play.google.com/store/movies/details/%25EB%2584%2588%25EC%2599%2580_%25ED%258C%258C%25EB%258F%2584%25EB%25A5%25BC_%25ED%2583%2588_%25EC%2588%2598_%25EC%259E%2588%25EB%258B%25A4%25EB%25A9%25B4?gl=KR%26hl=en%26id=_2MkObei1NA.P'}, 'buy': {'Naver Store': 'http://serieson.naver.com/movie/detail.nhn?productNo=5325367', 'Google Play Movies': 'https://play.google.com/store/movies/details/%25EB%2584%2588%25EC%2599%2580_%25ED%258C%258C%25EB%258F%2584%25EB%25A5%25BC_%25ED%2583%2588_%25EC%2588%2598_%25EC%259E%2588%25EB%258B%25A4%25EB%25A9%25B4?gl=KR%26hl=en%26id=_2MkObei1NA.P'}}"
왓 라이즈 빌로우,"{'streaming': {}, 'rent': {}, 'buy': {}}"
라스트 배틀,"{'streaming': {'Watcha': 'https://watcha.com/contents/m5NnVjE'}, 'rent': {'wavve': 'https://www.wavve.com/player/movie?movieid=MV_CT01_MBC000012752', 'Google Play Movies': 'https://play.google.com/store/movies/details/%25EB%259D%25BC%25EC%258A%25A4%25ED%258A%25B8_%25EB%25B0%25B0%25ED%258B%2580?gl=KR%26hl=en%26id=FdiYtEED0jM.P'}, 'buy': {'Naver Store': 'http://serieson.naver.com/movie/detail.nhn?productNo=4448899', 'Google Play Movies': 'https://play.google.com/store/movies/details/%25EB%259D%25BC%25EC%258A%25A4%25ED%258A%25B8_%25EB%25B0%25B0%25ED%258B%2580?gl=KR%26hl=en%26id=FdiYtEED0jM.P'}}"
폴라,"{'streaming': {'Netflix': 'http://www.netflix.com/title/80223052'}, 'rent': {}, 'buy': {}}"
제인의 썸머,"{'streaming': {}, 'rent': {'wavve': 'https://www.wavve.com/player/movie?movieid=MV_CT01_MBC000013304', 'Google Play Movies': 'https://play.google.com/store/movies/details/%25EC%25A0%259C%25EC%259D%25B8%25EC%259D%2598_%25EC%258D%25B8%25EB%25A8%25B8?gl=KR%26hl=en%26id=15SbmLCsk5Y.P'}, 'buy': {'Google Play Movies': 'https://play.google.com/store/movies/details/%25EC%25A0%259C%25EC%259D%25B8%25EC%259D%2598_%25EC%258D%25B8%25EB%25A8%25B8?gl=KR%26hl=en%26id=15SbmLCsk5Y.P'}}"
블랙 워터: 아비스,"{'streaming': {}, 'rent': {}, 'buy': {}}"
가족의 투시도,"{'streaming': {}, 'rent': {}, 'buy': {}}"
언브레이커블 키미슈미트 - 키미 대 교주,"{'streaming': {'Netflix': 'http://www.netflix.com/title/81131714'}, 'rent': {}, 'buy': {}}"
애플,"{'streaming': {}, 'rent': {'wavve': 'https://www.wavve.com/player/movie?movieid=MV_TW01_TW0000000675'}, 'buy': {'Naver Store': 'http://serieson.naver.com/movie/detail.nhn?productNo=6296557', 'Google Play Movies': 'https://play.google.com/store/movies/details/%25EC%2595%25A0%25ED%2594%258C?gl=KR%26hl=en%26id=CF0zdEInG1o.P'}}"
휴비의 핼러윈,"{'streaming': {'Netflix': 'http://www.netflix.com/title/80245104'}, 'rent': {}, 'buy': {}}"
더 웨이 홈,"{'streaming': {'Netflix': 'http://www.netflix.com/title/81010969'}, 'rent': {'Google Play Movies': 'https://play.google.com/store/movies/details/%25EB%258D%2594_%25EC%259B%25A8%25EC%259D%25B4_%25ED%2599%2588_a_Dog_S_Way_Home_%25EC%259E%2590%25EB%25A7%2589%25ED%258C%2590?gl=KR%26hl=en%26id=wo7I1q2z5IU', 'Naver Store': 'http://serieson.naver.com/movie/detail.nhn?productNo=4157801'}, 'buy': {'Google Play Movies': 'https://play.google.com/store/movies/details/%25EB%258D%2594_%25EC%259B%25A8%25EC%259D%25B4_%25ED%2599%2588_a_Dog_S_Way_Home_%25EC%259E%2590%25EB%25A7%2589%25ED%258C%2590?gl=KR%26hl=en%26id=wo7I1q2z5IU', 'Naver Store': 'http://serieson.naver.com/movie/detail.nhn?productNo=4220281'}}"
어벤지먼트,"{'streaming': {}, 'rent': {'wavve': 'https://www.wavve.com/player/movie?movieid=MV_CW01_CW0000011327'}, 'buy': {'Google Play Movies': 'https://play.google.com/store/movies/details/%25EC%2596%25B4%25EB%25B2%25A4%25EC%25A7%2580%25EB%25A8%25BC%25ED%258A%25B8?gl=KR%26hl=en%26id=8GWr-MeM_bE.P'}}"
사라져버린,"{'streaming': {'Watcha': 'https://watcha.com/contents/mOVPwJ8'}, 'rent': {'wavve': 'https://www.wavve.com/player/movie?movieid=MV_CT01_MBC000013566', 'Google Play Movies': 'https://play.google.com/store/movies/details/%25EC%2582%25AC%25EB%259D%25BC%25EC%25A0%25B8%25EB%25B2%2584%25EB%25A6%25B0?gl=KR%26hl=en%26id=tPfX1dL_Ri4.P'}, 'buy': {'Naver Store': 'http://serieson.naver.com/movie/detail.nhn?productNo=5831355', 'Google Play Movies': 'https://play.google.com/store/movies/details/%25EC%2582%25AC%25EB%259D%25BC%25EC%25A0%25B8%25EB%25B2%2584%25EB%25A6%25B0?gl=KR%26hl=en%26id=tPfX1dL_Ri4.P'}}"
피부를 판 남자,"{'streaming': {}, 'rent': {}, 'buy': {}}"
The Donut King,"{'streaming': {}, 'rent': {}, 'buy': {}}"
와인 컨트리,"{'streaming': {'Netflix': 'http://www.netflix.com/title/80194950'}, 'rent': {}, 'buy': {}}"
나이트메어 라디오,"{'streaming': {'wavve': 'https://www.wavve.com/player/movie?movieid=MV_CU01_DL0000012039', 'Watcha': 'https://watcha.com/contents/m5NnELn'}, 'rent': {'wavve': 'https://www.wavve.com/player/movie?movieid=MV_CU01_DL0000012039'}, 'buy': {'Naver Store': 'http://serieson.naver.com/movie/detail.nhn?productNo=4853423'}}"
폭력의 그림자,"{'streaming': {}, 'rent': {'wavve': 'https://www.wavve.com/player/movie?movieid=MV_CT01_MBC000013669', 'Google Play Movies': 'https://play.google.com/store/movies/details/%25ED%258F%25AD%25EB%25A0%25A5%25EC%259D%2598_%25EA%25B7%25B8%25EB%25A6%25BC%25EC%259E%2590?gl=KR%26hl=en%26id=-iftdQJsLy4.P'}, 'buy': {'Google Play Movies': 'https://play.google.com/store/movies/details/%25ED%258F%25AD%25EB%25A0%25A5%25EC%259D%2598_%25EA%25B7%25B8%25EB%25A6%25BC%25EC%259E%2590?gl=KR%26hl=en%26id=-iftdQJsLy4.P'}}"
내 이름은 돌러마이트,"{'streaming': {'Netflix': 'http://www.netflix.com/title/80182014'}, 'rent': {}, 'buy': {}}"
죽지않는 인간들의 밤,"{'streaming': {'Netflix': 'http://www.netflix.com/title/81404278', 'wavve': 'https://www.wavve.com/player/movie?movieid=MV_CK01_TCO000012575'}, 'rent': {'wavve': 'https://www.wavve.com/player/movie?movieid=MV_CK01_TCO000012575', 'Google Play Movies': 'https://play.google.com/store/movies/details/%25EC%25A3%25BD%25EC%25A7%2580%25EC%2595%258A%25EB%258A%2594_%25EC%259D%25B8%25EA%25B0%2584%25EB%2593%25A4%25EC%259D%2598_%25EB%25B0%25A4?gl=KR%26hl=en%26id=U7w0r8bP3QU.P'}, 'buy': {'Naver Store': 'http://serieson.naver.com/movie/detail.nhn?productNo=5567816', 'Google Play Movies': 'https://play.google.com/store/movies/details/%25EC%25A3%25BD%25EC%25A7%2580%25EC%2595%258A%25EB%258A%2594_%25EC%259D%25B8%25EA%25B0%2584%25EB%2593%25A4%25EC%259D%2598_%25EB%25B0%25A4?gl=KR%26hl=en%26id=U7w0r8bP3QU.P'}}"
둠: 파멸의 게이트,"{'streaming': {}, 'rent': {}, 'buy': {}}"
포이즌 로즈,"{'streaming': {}, 'rent': {'wavve': 'https://www.wavve.com/player/movie?movieid=MV_CW01_CW0000011574', 'Naver Store': 'http://serieson.naver.com/movie/detail.nhn?productNo=6443211', 'Google Play Movies': 'https://play.google.com/store/movies/details/%25ED%258F%25AC%25EC%259D%25B4%25EC%25A6%258C_%25EB%25A1%259C%25EC%25A6%2588?gl=KR%26hl=en%26id=ZCkq-4Im8Iw.P'}, 'buy': {'wavve': 'https://www.wavve.com/player/movie?movieid=MV_CW01_CW0000011574', 'Naver Store': 'http://serieson.naver.com/movie/detail.nhn?productNo=6443210', 'Google Play Movies': 'https://play.google.com/store/movies/details/%25ED%258F%25AC%25EC%259D%25B4%25EC%25A6%258C_%25EB%25A1%259C%25EC%25A6%2588?gl=KR%26hl=en%26id=ZCkq-4Im8Iw.P'}}"
애틀랜틱스,"{'streaming': {'Netflix': 'http://www.netflix.com/title/81082007'}, 'rent': {}, 'buy': {}}"
레미제라블: 뮤지컬 콘서트,"{'streaming': {}, 'rent': {'Google Play Movies': 'https://play.google.com/store/movies/details/%25EB%25A0%2588%25EB%25AF%25B8%25EC%25A0%259C%25EB%259D%25BC%25EB%25B8%2594_%25EB%25AE%25A4%25EC%25A7%2580%25EC%25BB%25AC_%25EC%25BD%2598%25EC%2584%259C%25ED%258A%25B8?gl=KR%26hl=en%26id=Dh4-4r7ulrw.P', 'wavve': 'https://www.wavve.com/player/movie?movieid=MV_CG01_NU0000011668', 'Naver Store': 'http://serieson.naver.com/movie/detail.nhn?productNo=5196990'}, 'buy': {'Google Play Movies': 'https://play.google.com/store/movies/details/%25EB%25A0%2588%25EB%25AF%25B8%25EC%25A0%259C%25EB%259D%25BC%25EB%25B8%2594_%25EB%25AE%25A4%25EC%25A7%2580%25EC%25BB%25AC_%25EC%25BD%2598%25EC%2584%259C%25ED%258A%25B8?gl=KR%26hl=en%26id=Dh4-4r7ulrw.P', 'Naver Store': 'http://serieson.naver.com/movie/detail.nhn?productNo=5196991', 'wavve': 'https://www.wavve.com/player/movie?movieid=MV_CG01_NU0000011668'}}"
블랙 위도우: 파이널 챕터,"{'streaming': {}, 'rent': {'wavve': 'https://www.wavve.com/player/movie?movieid=MV_SU01_SU0000000180', 'Google Play Movies': 'https://play.google.com/store/movies/details/%25EB%25B8%2594%25EB%259E%2599_%25EC%259C%2584%25EB%258F%2584%25EC%259A%25B0_%25ED%258C%258C%25EC%259D%25B4%25EB%2584%2590_%25EC%25B1%2595%25ED%2584%25B0?gl=KR%26hl=en%26id=eSUwcxjBvdg.P'}, 'buy': {'Google Play Movies': 'https://play.google.com/store/movies/details/%25EB%25B8%2594%25EB%259E%2599_%25EC%259C%2584%25EB%258F%2584%25EC%259A%25B0_%25ED%258C%258C%25EC%259D%25B4%25EB%2584%2590_%25EC%25B1%2595%25ED%2584%25B0?gl=KR%26hl=en%26id=eSUwcxjBvdg.P'}}"
인비저블 라이프,"{'streaming': {}, 'rent': {'wavve': 'https://www.wavve.com/player/movie?movieid=MV_TW01_TW0000000515'}, 'buy': {'Google Play Movies': 'https://play.google.com/store/movies/details/%25EC%259D%25B8%25EB%25B9%2584%25EC%25A0%2580%25EB%25B8%2594_%25EB%259D%25BC%25EC%259D%25B4%25ED%2594%2584?gl=KR%26hl=en%26id=MdWlp4JiccI.P'}}"
리틀 조,"{'streaming': {'Watcha': 'https://watcha.com/contents/m5ekBQL'}, 'rent': {}, 'buy': {}}"
고양이와 할아버지,"{'streaming': {'wavve': 'https://www.wavve.com/player/movie?movieid=MV_CX01_CX0000011424', 'Watcha': 'https://watcha.com/contents/mOVwjgB'}, 'rent': {'wavve': 'https://www.wavve.com/player/movie?movieid=MV_CX01_CX0000011424', 'Google Play Movies': 'https://play.google.com/store/movies/details/%25EA%25B3%25A0%25EC%2596%2591%25EC%259D%25B4%25EC%2599%2580_%25ED%2595%25A0%25EC%2595%2584%25EB%25B2%2584%25EC%25A7%2580?gl=KR%26hl=en%26id=z-8kxAmLJLI.P'}, 'buy': {'Naver Store': 'http://serieson.naver.com/movie/detail.nhn?productNo=5081235', 'Google Play Movies': 'https://play.google.com/store/movies/details/%25EA%25B3%25A0%25EC%2596%2591%25EC%259D%25B4%25EC%2599%2580_%25ED%2595%25A0%25EC%2595%2584%25EB%25B2%2584%25EC%25A7%2580?gl=KR%26hl=en%26id=z-8kxAmLJLI.P'}}"
중지,"{'streaming': {'Mubi': 'https://mubi.com/films/the-halt'}, 'rent': {}, 'buy': {}}"
3022: 지구 대폭발,"{'streaming': {'Watcha': 'https://watcha.com/contents/mdj2qaw'}, 'rent': {'wavve': 'https://www.wavve.com/player/movie?movieid=MV_CT01_MBC000013310', 'Google Play Movies': 'https://play.google.com/store/movies/details/3022_%25EC%25A7%2580%25EA%25B5%25AC_%25EB%258C%2580%25ED%258F%25AD%25EB%25B0%259C?gl=KR%26hl=en%26id=RcCRb1CDtLA.P'}, 'buy': {'Naver Store': 'http://serieson.naver.com/movie/detail.nhn?productNo=5246249', 'Google Play Movies': 'https://play.google.com/store/movies/details/3022_%25EC%25A7%2580%25EA%25B5%25AC_%25EB%258C%2580%25ED%258F%25AD%25EB%25B0%259C?gl=KR%26hl=en%26id=RcCRb1CDtLA.P'}}"
사랑 없는 숲,"{'streaming': {'Netflix': 'http://www.netflix.com/title/81133621'}, 'rent': {}, 'buy': {}}"
Your Turn,"{'streaming': {'Mubi': 'https://mubi.com/films/your-turn'}, 'rent': {}, 'buy': {}}"
우리는 영원히 어리지 않다,"{'streaming': {'Netflix': 'http://www.netflix.com/title/81034185'}, 'rent': {}, 'buy': {}}"
어제가 오면,"{'streaming': {'Netflix': 'http://www.netflix.com/title/80216758'}, 'rent': {}, 'buy': {}}"
Mama Weed,"{'streaming': {}, 'rent': {}, 'buy': {}}"
퍼스트 킹: 로마 전설의 시작,"{'streaming': {}, 'rent': {'wavve': 'https://www.wavve.com/player/movie?movieid=MV_C901_SG0000128895', 'Google Play Movies': 'https://play.google.com/store/movies/details/%25ED%258D%25BC%25EC%258A%25A4%25ED%258A%25B8_%25ED%2582%25B9_%25EB%25A1%259C%25EB%25A7%2588_%25EC%25A0%2584%25EC%2584%25A4%25EC%259D%2598_%25EC%258B%259C%25EC%259E%2591?gl=KR%26hl=en%26id=edOPXXM7aHM.P'}, 'buy': {'Google Play Movies': 'https://play.google.com/store/movies/details/%25ED%258D%25BC%25EC%258A%25A4%25ED%258A%25B8_%25ED%2582%25B9_%25EB%25A1%259C%25EB%25A7%2588_%25EC%25A0%2584%25EC%2584%25A4%25EC%259D%2598_%25EC%258B%259C%25EC%259E%2591?gl=KR%26hl=en%26id=edOPXXM7aHM.P'}}"
비질란테,"{'streaming': {'wavve': 'https://www.wavve.com/player/movie?movieid=MV_C901_SG0000118800', 'Watcha': 'https://watcha.com/contents/mOl4lqA'}, 'rent': {'wavve': 'https://www.wavve.com/player/movie?movieid=MV_C901_SG0000118800', 'Google Play Movies': 'https://play.google.com/store/movies/details/%25EB%25B9%2584%25EC%25A7%2588%25EB%259E%2580%25ED%2585%258C?gl=KR%26hl=en%26id=o7FUWcAcEzo.P'}, 'buy': {'Naver Store': 'http://serieson.naver.com/movie/detail.nhn?productNo=4201525', 'Google Play Movies': 'https://play.google.com/store/movies/details/%25EB%25B9%2584%25EC%25A7%2588%25EB%259E%2580%25ED%2585%258C?gl=KR%26hl=en%26id=o7FUWcAcEzo.P'}}"
My Heart Goes Boom!,"{'streaming': {}, 'rent': {}, 'buy': {}}"
광대들: 풍문조작단,"{'streaming': {'wavve': 'https://www.wavve.com/player/movie?movieid=MV_CD01_WR0000011578'}, 'rent': {'Naver Store': 'http://serieson.naver.com/movie/detail.nhn?productNo=4472190', 'wavve': 'https://www.wavve.com/player/movie?movieid=MV_CD01_WR0000011578'}, 'buy': {'Google Play Movies': 'https://play.google.com/store/movies/details/%25EA%25B4%2591%25EB%258C%2580%25EB%2593%25A4_%25ED%2592%258D%25EB%25AC%25B8%25EC%25A1%25B0%25EC%259E%2591%25EB%258B%25A8?gl=KR%26hl=en%26id=SBO5MED_Ws0', 'wavve': 'https://www.wavve.com/player/movie?movieid=MV_CD01_WR0000011578', 'Naver Store': 'http://serieson.naver.com/movie/detail.nhn?productNo=4472189'}}"
몰록 제물이 된 아이들,"{'streaming': {'Plex': 'https://watch.plex.tv/movie/red-handed-2019-2?autoplay=1%26utm_source=justWatch-catalog%26utm_medium=deeplink%26utm_content=6137b015c1c103375120d5fa'}, 'rent': {'wavve': 'https://www.wavve.com/player/movie?movieid=MV_C3001_C300000012357'}, 'buy': {'Naver Store': 'http://serieson.naver.com/movie/detail.nhn?productNo=5604676', 'Google Play Movies': 'https://play.google.com/store/movies/details/%25EB%25AA%25B0%25EB%25A1%259D_%25EC%25A0%259C%25EB%25AC%25BC%25EC%259D%25B4_%25EB%2590%259C_%25EC%2595%2584%25EC%259D%25B4%25EB%2593%25A4?gl=KR%26hl=en%26id=Eprzz-YnjxA.P'}}"
웨딩 게스트,"{'streaming': {}, 'rent': {'Google Play Movies': 'https://play.google.com/store/movies/details/%25EC%259B%25A8%25EB%2594%25A9_%25EA%25B2%258C%25EC%258A%25A4%25ED%258A%25B8_Wedding_Guest_the_%25EC%259E%2590%25EB%25A7%2589%25ED%258C%2590?gl=KR%26hl=en%26id=uahivKvpiKQ', 'Naver Store': 'http://serieson.naver.com/movie/detail.nhn?productNo=4419725'}, 'buy': {'Google Play Movies': 'https://play.google.com/store/movies/details/%25EC%259B%25A8%25EB%2594%25A9_%25EA%25B2%258C%25EC%258A%25A4%25ED%258A%25B8_Wedding_Guest_the_%25EC%259E%2590%25EB%25A7%2589%25ED%258C%2590?gl=KR%26hl=en%26id=uahivKvpiKQ', 'Naver Store': 'http://serieson.naver.com/movie/detail.nhn?productNo=4484188'}}"
항거: 유관순 이야기,"{'streaming': {'Netflix': 'http://www.netflix.com/title/81313510', 'wavve': 'https://www.wavve.com/player/movie?movieid=MV_CI01_LE0000011231', 'Watcha': 'https://watcha.com/contents/m5xw6xl'}, 'rent': {'Naver Store': 'http://serieson.naver.com/movie/detail.nhn?productNo=5265596', 'wavve': 'https://www.wavve.com/player/movie?movieid=MV_CI01_LE0000011231'}, 'buy': {'Naver Store': 'http://serieson.naver.com/movie/detail.nhn?productNo=4064358'}}"
Kriya,"{'streaming': {}, 'rent': {}, 'buy': {}}"
아나스타시야,"{'streaming': {'Netflix': 'http://www.netflix.com/title/81312869'}, 'rent': {}, 'buy': {}}"
내가 사랑했던 모든 남자들에게 P.S. 여전히 널 사랑해,"{'streaming': {'Netflix': 'http://www.netflix.com/title/81030842'}, 'rent': {}, 'buy': {}}"
썸원 썸웨어,"{'streaming': {'Watcha': 'https://watcha.com/contents/mO8XZQD'}, 'rent': {'wavve': 'https://www.wavve.com/player/movie?movieid=MV_CT01_MBC000013240', 'Google Play Movies': 'https://play.google.com/store/movies/details/%25EC%258D%25B8%25EC%259B%2590_%25EC%258D%25B8%25EC%259B%25A8%25EC%2596%25B4?gl=KR%26hl=en%26id=A1YGbIWF524.P'}, 'buy': {'Naver Store': 'http://serieson.naver.com/movie/detail.nhn?productNo=5118452', 'Google Play Movies': 'https://play.google.com/store/movies/details/%25EC%258D%25B8%25EC%259B%2590_%25EC%258D%25B8%25EC%259B%25A8%25EC%2596%25B4?gl=KR%26hl=en%26id=A1YGbIWF524.P'}}"
후쿠오카,"{'streaming': {'wavve': 'https://www.wavve.com/player/movie?movieid=MV_C901_SG0000132510', 'Watcha': 'https://watcha.com/contents/mW4YZYe'}, 'rent': {'wavve': 'https://www.wavve.com/player/movie?movieid=MV_C901_SG0000132510', 'Google Play Movies': 'https://play.google.com/store/movies/details/%25ED%259B%2584%25EC%25BF%25A0%25EC%2598%25A4%25EC%25B9%25B4?gl=KR%26hl=en%26id=_P0kOMAhYgA.P'}, 'buy': {'Naver Store': 'http://serieson.naver.com/movie/detail.nhn?productNo=5509569', 'Google Play Movies': 'https://play.google.com/store/movies/details/%25ED%259B%2584%25EC%25BF%25A0%25EC%2598%25A4%25EC%25B9%25B4?gl=KR%26hl=en%26id=_P0kOMAhYgA.P'}}"
지저귀는 새는 날지 않는다,"{'streaming': {'wavve': 'https://www.wavve.com/player/movie?movieid=MV_CY01_CY000000020'}, 'rent': {'wavve': 'https://www.wavve.com/player/movie?movieid=MV_CY01_CY000000020', 'Google Play Movies': 'https://play.google.com/store/movies/details/%25EC%25A7%2580%25EC%25A0%2580%25EA%25B7%2580%25EB%258A%2594_%25EC%2583%2588%25EB%258A%2594_%25EB%2582%25A0%25EC%25A7%2580_%25EC%2595%258A%25EB%258A%2594%25EB%258B%25A4_%25EB%258D%2594%25EB%25B9%2599?gl=KR%26hl=en%26id=rDquSrb5nJE.P'}, 'buy': {}}"
휴먼 네이처: 인간을 편집하다,"{'streaming': {'Netflix': 'http://www.netflix.com/title/81220944'}, 'rent': {}, 'buy': {}}"
열여덟 번의 선물,"{'streaming': {'Netflix': 'http://www.netflix.com/title/81261846'}, 'rent': {}, 'buy': {}}"
에코 부머스,"{'streaming': {}, 'rent': {}, 'buy': {}}"
Top End Wedding,"{'streaming': {}, 'rent': {}, 'buy': {}}"
밀리언 달러 트러블,"{'streaming': {}, 'rent': {}, 'buy': {'wavve': 'https://www.wavve.com/player/movie?movieid=MV_CT01_MBC000013680', 'Naver Store': 'http://serieson.naver.com/movie/detail.nhn?productNo=6464507', 'Google Play Movies': 'https://play.google.com/store/movies/details/%25EB%25B0%2580%25EB%25A6%25AC%25EC%2596%25B8_%25EB%258B%25AC%25EB%259F%25AC_%25ED%258A%25B8%25EB%259F%25AC%25EB%25B8%2594_%25EB%258D%2594%25EB%25B9%2599?gl=KR%26hl=en%26id=fWBtJdhURpg.P'}}"
어처구니없는,"{'streaming': {}, 'rent': {'Google Play Movies': 'https://play.google.com/store/movies/details/%25EC%2596%25B4%25EC%25B2%2598%25EA%25B5%25AC%25EB%258B%2588_%25EC%2597%2586%25EB%258A%2594?gl=KR%26hl=en%26id=8KD642zxAmk.P'}, 'buy': {'Google Play Movies': 'https://play.google.com/store/movies/details/%25EC%2596%25B4%25EC%25B2%2598%25EA%25B5%25AC%25EB%258B%2588_%25EC%2597%2586%25EB%258A%2594?gl=KR%26hl=en%26id=8KD642zxAmk.P'}}"
배심원들,"{'streaming': {}, 'rent': {'wavve': 'https://www.wavve.com/player/movie?movieid=MV_CJ01_CA0000011579', 'Google Play Movies': 'https://play.google.com/store/movies/details/%25EB%25B0%25B0%25EC%258B%25AC%25EC%259B%2590%25EB%2593%25A4?gl=KR%26hl=en%26id=nuiVj8tWCQ4.P'}, 'buy': {'Naver Store': 'http://serieson.naver.com/movie/detail.nhn?productNo=4226264', 'Google Play Movies': 'https://play.google.com/store/movies/details/%25EB%25B0%25B0%25EC%258B%25AC%25EC%259B%2590%25EB%2593%25A4?gl=KR%26hl=en%26id=nuiVj8tWCQ4.P'}}"
겟 머니,"{'streaming': {'Watcha': 'https://watcha.com/contents/m5mY1X3'}, 'rent': {'wavve': 'https://www.wavve.com/player/movie?movieid=MV_C901_SG0000122787'}, 'buy': {'Google Play Movies': 'https://play.google.com/store/movies/details/%25EA%25B2%259F_%25EB%25A8%25B8%25EB%258B%2588?gl=KR%26hl=en%26id=h6gWtBeV5hw.P', 'Naver Store': 'http://serieson.naver.com/movie/detail.nhn?productNo=4499390'}}"
"아리아나 그란데: 익스큐즈 미, 아이 러브 유","{'streaming': {'Netflix': 'http://www.netflix.com/title/81238721'}, 'rent': {}, 'buy': {}}"
아버지의 길,"{'streaming': {}, 'rent': {}, 'buy': {}}"
노 필터,"{'streaming': {'wavve': 'https://www.wavve.com/player/movie?movieid=MV_C901_SG0000116893'}, 'rent': {'wavve': 'https://www.wavve.com/player/movie?movieid=MV_C901_SG0000116893', 'Google Play Movies': 'https://play.google.com/store/movies/details/%25EB%2585%25B8_%25ED%2595%2584%25ED%2584%25B0?gl=KR%26hl=en%26id=fMTXthmGQOU.P'}, 'buy': {'Google Play Movies': 'https://play.google.com/store/movies/details/%25EB%2585%25B8_%25ED%2595%2584%25ED%2584%25B0?gl=KR%26hl=en%26id=fMTXthmGQOU.P'}}"
Revolution Rent,"{'streaming': {}, 'rent': {}, 'buy': {}}"
우당탕탕 로코와 친구들 - 멋진 신세계,"{'streaming': {'Netflix': 'http://www.netflix.com/title/81091977'}, 'rent': {}, 'buy': {}}"
기러기 아빠 : 20대 섹스 파트너들,"{'streaming': {}, 'rent': {}, 'buy': {}}"
동굴,"{'streaming': {}, 'rent': {}, 'buy': {}}"
더 포가튼 배틀,"{'streaming': {}, 'rent': {}, 'buy': {}}"
미스터트롯: 더 무비,"{'streaming': {'Watcha': 'https://watcha.com/contents/mdB78Vq'}, 'rent': {}, 'buy': {'Naver Store': 'http://serieson.naver.com/movie/detail.nhn?productNo=5710466'}}"
신포청천 : 혈수고,"{'streaming': {'Watcha': 'https://watcha.com/contents/m5ZlDwz'}, 'rent': {'wavve': 'https://www.wavve.com/player/movie?movieid=MV_AN01_AN0000000298', 'Naver Store': 'http://serieson.naver.com/movie/detail.nhn?productNo=5909772'}, 'buy': {}}"
V,"{'streaming': {'Amazon Prime Video': 'https://app.primevideo.com/detail?gti=amzn1.dv.gti.44bc3a52-47fb-b654-55cb-47182c40b249'}, 'rent': {}, 'buy': {}}"
향수: 파리의 조향사,"{'streaming': {'wavve': 'https://www.wavve.com/player/movie?movieid=MV_JA01_JA0000000645'}, 'rent': {'wavve': 'https://www.wavve.com/player/movie?movieid=MV_JA01_JA0000000645'}, 'buy': {'Naver Store': 'http://serieson.naver.com/movie/detail.nhn?productNo=6328797', 'Google Play Movies': 'https://play.google.com/store/movies/details/%25ED%2596%25A5%25EC%2588%2598_%25ED%258C%258C%25EB%25A6%25AC%25EC%259D%2598_%25EC%25A1%25B0%25ED%2596%25A5%25EC%2582%25AC?gl=KR%26hl=en%26id=ZhUxlHfeLMA.P'}}"
신의 한 수: 귀수편,"{'streaming': {'Watcha': 'https://watcha.com/contents/mObBeZz'}, 'rent': {'wavve': 'https://www.wavve.com/player/movie?movieid=MV_EN01_EN000000058', 'Naver Store': 'http://serieson.naver.com/movie/detail.nhn?productNo=5003529', 'Google Play Movies': 'https://play.google.com/store/movies/details/%25EC%258B%25A0%25EC%259D%2598%25ED%2595%259C%25EC%2588%2598_%25EA%25B7%2580%25EC%2588%2598%25ED%258E%25B8?gl=KR%26hl=en%26id=trHHlk3CtLU.P'}, 'buy': {'wavve': 'https://www.wavve.com/player/movie?movieid=MV_EN01_EN000000058', 'Naver Store': 'http://serieson.naver.com/movie/detail.nhn?productNo=5003530', 'Google Play Movies': 'https://play.google.com/store/movies/details/%25EC%258B%25A0%25EC%259D%2598%25ED%2595%259C%25EC%2588%2598_%25EA%25B7%2580%25EC%2588%2598%25ED%258E%25B8?gl=KR%26hl=en%26id=trHHlk3CtLU.P'}}"
Small Country: An African Childhood,"{'streaming': {}, 'rent': {}, 'buy': {}}"
비탄의 정글,"{'streaming': {'Netflix': 'http://www.netflix.com/title/81341214'}, 'rent': {}, 'buy': {}}"
Vinci Da,"{'streaming': {'Amazon Prime Video': 'https://app.primevideo.com/detail?gti=amzn1.dv.gti.e0b55bc5-1c5c-179d-eb1c-cb181d1e1ccc', 'Hoichoi': 'https://www.hoichoi.tv/films/title/vinci-da'}, 'rent': {}, 'buy': {}}"
서커스 오브 북스,"{'streaming': {'Netflix': 'http://www.netflix.com/title/81011569'}, 'rent': {}, 'buy': {}}"
분노,"{'streaming': {'Netflix': 'http://www.netflix.com/title/81075519'}, 'rent': {}, 'buy': {}}"
피그테일: 피그테일과 거미소녀 그리고 레슬링,"{'streaming': {'Watcha': 'https://watcha.com/contents/m5X2XlD'}, 'rent': {'wavve': 'https://www.wavve.com/player/movie?movieid=MV_C901_SG0000130324', 'Google Play Movies': 'https://play.google.com/store/movies/details/%25ED%2594%25BC%25EA%25B7%25B8%25ED%2585%258C%25EC%259D%25BC_%25ED%2594%25BC%25EA%25B7%25B8%25ED%2585%258C%25EC%259D%25BC%25EA%25B3%25BC_%25EA%25B1%25B0%25EB%25AF%25B8%25EC%2586%258C%25EB%2585%2580_%25EA%25B7%25B8%25EB%25A6%25AC%25EA%25B3%25A0_%25EB%25A0%2588%25EC%258A%25AC%25EB%25A7%2581?gl=KR%26hl=en%26id=mTj8Ebn7Xpo.P'}, 'buy': {'Naver Store': 'http://serieson.naver.com/movie/detail.nhn?productNo=5301329', 'Google Play Movies': 'https://play.google.com/store/movies/details/%25ED%2594%25BC%25EA%25B7%25B8%25ED%2585%258C%25EC%259D%25BC_%25ED%2594%25BC%25EA%25B7%25B8%25ED%2585%258C%25EC%259D%25BC%25EA%25B3%25BC_%25EA%25B1%25B0%25EB%25AF%25B8%25EC%2586%258C%25EB%2585%2580_%25EA%25B7%25B8%25EB%25A6%25AC%25EA%25B3%25A0_%25EB%25A0%2588%25EC%258A%25AC%25EB%25A7%2581?gl=KR%26hl=en%26id=mTj8Ebn7Xpo.P'}}"
정도,"{'streaming': {'Netflix': 'http://www.netflix.com/title/81212831'}, 'rent': {}, 'buy': {}}"
반트럼프 투쟁,"{'streaming': {}, 'rent': {}, 'buy': {}}"
잘주는 여비서들,"{'streaming': {}, 'rent': {}, 'buy': {}}"
Ottolenghi and the Cakes of Versailles,"{'streaming': {}, 'rent': {}, 'buy': {}}"
이멜다 마르코스: 사랑의 영부인,"{'streaming': {'Watcha': 'https://watcha.com/contents/mWw3Bp3'}, 'rent': {}, 'buy': {}}"
30 Days Max,"{'streaming': {}, 'rent': {}, 'buy': {}}"
빤스맨과 메가 카리스마스,"{'streaming': {'Netflix': 'http://www.netflix.com/title/81021977'}, 'rent': {}, 'buy': {}}"
뜨겁게 젖은 그녀의 비밀,"{'streaming': {}, 'rent': {}, 'buy': {}}"
라테와 마법의 돌,"{'streaming': {'Netflix': 'http://www.netflix.com/title/81050165'}, 'rent': {}, 'buy': {}}"
사호,"{'streaming': {'Amazon Prime Video': 'https://app.primevideo.com/detail?gti=amzn1.dv.gti.70b6a9c2-d5e8-ad40-ba9c-f0b87be6f07b'}, 'rent': {}, 'buy': {}}"
룸싸롱 여대생들 3,"{'streaming': {}, 'rent': {}, 'buy': {}}"
어답트 어 하이웨이,"{'streaming': {}, 'rent': {'Google Play Movies': 'https://play.google.com/store/movies/details/%25EC%2596%25B4%25EB%258B%25B5%25ED%258A%25B8_%25EC%2596%25B4_%25ED%2595%2598%25EC%259D%25B4%25EC%259B%25A8%25EC%259D%25B4_Adopt_a_Highway?gl=KR%26hl=en%26id=mS1_DDOFohA.P', 'Naver Store': 'http://serieson.naver.com/movie/detail.nhn?productNo=4925074'}, 'buy': {'Google Play Movies': 'https://play.google.com/store/movies/details/%25EC%2596%25B4%25EB%258B%25B5%25ED%258A%25B8_%25EC%2596%25B4_%25ED%2595%2598%25EC%259D%25B4%25EC%259B%25A8%25EC%259D%25B4_Adopt_a_Highway?gl=KR%26hl=en%26id=mS1_DDOFohA.P', 'Naver Store': 'http://serieson.naver.com/movie/detail.nhn?productNo=5003524'}}"
Seven,"{'streaming': {}, 'rent': {}, 'buy': {}}"
신해석 삼국지,"{'streaming': {}, 'rent': {'wavve': 'https://www.wavve.com/player/movie?movieid=MV_SU01_SU0000000216', 'Google Play Movies': 'https://play.google.com/store/movies/details/%25EC%258B%25A0%25ED%2595%25B4%25EC%2584%259D_%25EC%2582%25BC%25EA%25B5%25AD%25EC%25A7%2580?gl=KR%26hl=en%26id=Wt3FI7DN3NA.P'}, 'buy': {'Naver Store': 'http://serieson.naver.com/movie/detail.nhn?productNo=6370307', 'Google Play Movies': 'https://play.google.com/store/movies/details/%25EC%258B%25A0%25ED%2595%25B4%25EC%2584%259D_%25EC%2582%25BC%25EA%25B5%25AD%25EC%25A7%2580?gl=KR%26hl=en%26id=Wt3FI7DN3NA.P'}}"
트러플 헌터스,"{'streaming': {}, 'rent': {'wavve': 'https://www.wavve.com/player/movie?movieid=MV_CF01_SY0000011700', 'Naver Store': 'http://serieson.naver.com/movie/detail.nhn?productNo=6510976'}, 'buy': {'Naver Store': 'http://serieson.naver.com/movie/detail.nhn?productNo=6605288', 'wavve': 'https://www.wavve.com/player/movie?movieid=MV_CF01_SY0000011700'}}"
The Sound of Silence,"{'streaming': {}, 'rent': {'Google Play Movies': 'https://play.google.com/store/movies/details/%25EC%25B9%25A8%25EB%25AC%25B5%25EC%259D%2598_%25EC%2586%258C%25EB%25A6%25AC?gl=KR%26hl=en%26id=VFFSDDRqX7I.P'}, 'buy': {'Google Play Movies': 'https://play.google.com/store/movies/details/%25EC%25B9%25A8%25EB%25AC%25B5%25EC%259D%2598_%25EC%2586%258C%25EB%25A6%25AC?gl=KR%26hl=en%26id=VFFSDDRqX7I.P'}}"
웨이크필드 프로젝트,"{'streaming': {'Watcha': 'https://watcha.com/contents/m5Nnwqp'}, 'rent': {'wavve': 'https://www.wavve.com/player/movie?movieid=MV_CU01_DL0000012279', 'Google Play Movies': 'https://play.google.com/store/movies/details/%25EC%259B%25A8%25EC%259D%25B4%25ED%2581%25AC%25ED%2595%2584%25EB%2593%259C_%25ED%2594%2584%25EB%25A1%259C%25EC%25A0%259D%25ED%258A%25B8?gl=KR%26hl=en%26id=ZwtIagB0t0I.P'}, 'buy': {'Naver Store': 'http://serieson.naver.com/movie/detail.nhn?productNo=5152457', 'Google Play Movies': 'https://play.google.com/store/movies/details/%25EC%259B%25A8%25EC%259D%25B4%25ED%2581%25AC%25ED%2595%2584%25EB%2593%259C_%25ED%2594%2584%25EB%25A1%259C%25EC%25A0%259D%25ED%258A%25B8?gl=KR%26hl=en%26id=ZwtIagB0t0I.P'}}"
와일드 시티,"{'streaming': {'wavve': 'https://www.wavve.com/player/movie?movieid=MV_NM01_NM000000025'}, 'rent': {'wavve': 'https://www.wavve.com/player/movie?movieid=MV_NM01_NM000000025'}, 'buy': {'Google Play Movies': 'https://play.google.com/store/movies/details/%25EC%2599%2580%25EC%259D%25BC%25EB%2593%259C_%25EC%258B%259C%25ED%258B%25B0?gl=KR%26hl=en%26id=lfkaYaCG-mg.P'}}"
크리스마스에 기사가 올까요?,"{'streaming': {'Netflix': 'http://www.netflix.com/title/81026188'}, 'rent': {}, 'buy': {}}"
"리그 오브 레전드, 전설의 시작","{'streaming': {'Netflix': 'http://www.netflix.com/title/81187847'}, 'rent': {}, 'buy': {}}"
극장판 미니특공대: 공룡왕 디노,"{'streaming': {}, 'rent': {'Naver Store': 'http://serieson.naver.com/movie/detail.nhn?productNo=5697154', 'Google Play Movies': 'https://play.google.com/store/movies/details/%25EA%25B7%25B9%25EC%259E%25A5%25ED%258C%2590_%25EB%25AF%25B8%25EB%258B%2588%25ED%258A%25B9%25EA%25B3%25B5%25EB%258C%2580_%25EA%25B3%25B5%25EB%25A3%25A1%25EC%2599%2595_%25EB%2594%2594%25EB%2585%25B8?gl=KR%26hl=en%26id=zRXqx8Nq6bo.P'}, 'buy': {'Naver Store': 'http://serieson.naver.com/movie/detail.nhn?productNo=5697153'}}"
아이리시맨을 말하다,"{'streaming': {'Netflix': 'http://www.netflix.com/title/81212801'}, 'rent': {}, 'buy': {}}"
오늘부터 로그아웃,"{'streaming': {'Netflix': 'http://www.netflix.com/title/81056195'}, 'rent': {}, 'buy': {}}"
Incision,"{'streaming': {}, 'rent': {}, 'buy': {}}"
L'Enfant Terrible,"{'streaming': {'Plex': 'https://watch.plex.tv/movie/lenfant-terrible-2019?autoplay=1%26utm_source=justWatch-catalog%26utm_medium=deeplink%26utm_content=60b14a3a99f1fc002d91c748'}, 'rent': {}, 'buy': {}}"
더 케이지,"{'streaming': {'Watcha': 'https://watcha.com/contents/m5ek7x3'}, 'rent': {'wavve': 'https://www.wavve.com/player/movie?movieid=MV_CT01_MBC000013416'}, 'buy': {'Naver Store': 'http://serieson.naver.com/movie/detail.nhn?productNo=4967609'}}"
블라인드 파트너,"{'streaming': {}, 'rent': {}, 'buy': {}}"
Only Mine,"{'streaming': {}, 'rent': {}, 'buy': {}}"
스윈들러,"{'streaming': {'Watcha': 'https://watcha.com/contents/m5aa0AD'}, 'rent': {'wavve': 'https://www.wavve.com/player/movie?movieid=MV_TW01_TW0000000576'}, 'buy': {'Naver Store': 'http://serieson.naver.com/movie/detail.nhn?productNo=5572493', 'Google Play Movies': 'https://play.google.com/store/movies/details/%25EC%258A%25A4%25EC%259C%2588%25EB%2593%25A4%25EB%259F%25AC?gl=KR%26hl=en%26id=63ykunLXE_I.P'}}"
피델리티,"{'streaming': {'wavve': 'https://www.wavve.com/player/movie?movieid=MV_CK01_TCO000012443'}, 'rent': {'wavve': 'https://www.wavve.com/player/movie?movieid=MV_CK01_TCO000012443', 'Google Play Movies': 'https://play.google.com/store/movies/details/%25ED%2594%25BC%25EB%258D%25B8%25EB%25A6%25AC%25ED%258B%25B0?gl=KR%26hl=en%26id=_byMJ50v1pg.P'}, 'buy': {'Google Play Movies': 'https://play.google.com/store/movies/details/%25ED%2594%25BC%25EB%258D%25B8%25EB%25A6%25AC%25ED%258B%25B0?gl=KR%26hl=en%26id=_byMJ50v1pg.P'}}"
케빈 하트: 그러거나 말거나,"{'streaming': {'Netflix': 'http://www.netflix.com/title/80174688'}, 'rent': {}, 'buy': {}}"
A Very Country Wedding,"{'streaming': {}, 'rent': {'Naver Store': 'http://serieson.naver.com/movie/detail.nhn?productNo=6042973'}, 'buy': {'Naver Store': 'http://serieson.naver.com/movie/detail.nhn?productNo=6042974'}}"
위험한 만남,"{'streaming': {'Netflix': 'http://www.netflix.com/title/81068703'}, 'rent': {}, 'buy': {}}"
피터팬의 꿈,"{'streaming': {}, 'rent': {}, 'buy': {}}"
Downstream to Kinshasa,"{'streaming': {'Mubi': 'https://mubi.com/films/on-the-way-to-the-billion'}, 'rent': {}, 'buy': {}}"
Quiet,"{'streaming': {}, 'rent': {}, 'buy': {}}"
라라의 신비한 모험,"{'streaming': {}, 'rent': {'wavve': 'https://www.wavve.com/player/movie?movieid=MV_CW01_CW0000011560'}, 'buy': {'Naver Store': 'http://serieson.naver.com/movie/detail.nhn?productNo=6067527', 'Google Play Movies': 'https://play.google.com/store/movies/details/%25EB%259D%25BC%25EB%259D%25BC%25EC%259D%2598_%25EC%258B%25A0%25EB%25B9%2584%25ED%2595%259C_%25EB%25AA%25A8%25ED%2597%2598?gl=KR%26hl=en%26id=zNTKkswABsA.P'}}"
버디와 함께 해피 엔딩,"{'streaming': {'Netflix': 'http://www.netflix.com/title/80202273'}, 'rent': {}, 'buy': {}}"
82년생 박아라,"{'streaming': {}, 'rent': {}, 'buy': {}}"
TimeCrafters: The Treasure of Pirate's Cove,"{'streaming': {}, 'rent': {}, 'buy': {}}"
음악,"{'streaming': {}, 'rent': {'Google Play Movies': 'https://play.google.com/store/movies/details/%25EC%259D%258C%25EC%2595%2585?gl=KR%26hl=en%26id=1nJcZJjl_00.P', 'wavve': 'https://www.wavve.com/player/movie?movieid=MV_CJ01_CA0000011826', 'Naver Store': 'http://serieson.naver.com/movie/detail.nhn?productNo=6394116'}, 'buy': {'Naver Store': 'http://serieson.naver.com/movie/detail.nhn?productNo=6394117', 'Google Play Movies': 'https://play.google.com/store/movies/details/%25EC%259D%258C%25EC%2595%2585?gl=KR%26hl=en%26id=1nJcZJjl_00.P'}}"
Seahorse,"{'streaming': {'True Story': 'https://www.truestory.film/seahorse/videos/seahorse'}, 'rent': {}, 'buy': {}}"
Nora,"{'streaming': {}, 'rent': {}, 'buy': {}}"
브리더,"{'streaming': {}, 'rent': {'wavve': 'https://www.wavve.com/player/movie?movieid=MV_C901_SG0000138818', 'Google Play Movies': 'https://play.google.com/store/movies/details/%25EB%25B8%258C%25EB%25A6%25AC%25EB%258D%2594?gl=KR%26hl=en%26id=Uba2bbabBp0.P'}, 'buy': {'Google Play Movies': 'https://play.google.com/store/movies/details/%25EB%25B8%258C%25EB%25A6%25AC%25EB%258D%2594?gl=KR%26hl=en%26id=Uba2bbabBp0.P'}}"
영웅은 죽지 않는다,"{'streaming': {}, 'rent': {}, 'buy': {}}"
파라다이스 인 푸켓:여대생의 맛,"{'streaming': {}, 'rent': {}, 'buy': {}}"
누군가 어디에서 나를 기다리면 좋겠다,"{'streaming': {'Watcha': 'https://watcha.com/contents/m5r3bEE'}, 'rent': {'wavve': 'https://www.wavve.com/player/movie?movieid=MV_CT01_MBC000013574', 'Google Play Movies': 'https://play.google.com/store/movies/details/%25EB%2588%2584%25EA%25B5%25B0%25EA%25B0%2580_%25EC%2596%25B4%25EB%2594%2594%25EC%2597%2590%25EC%2584%259C_%25EB%2582%2598%25EB%25A5%25BC_%25EA%25B8%25B0%25EB%258B%25A4%25EB%25A6%25AC%25EB%25A9%25B4_%25EC%25A2%258B%25EA%25B2%25A0%25EB%258B%25A4?gl=KR%26hl=en%26id=w8IIl-z0UD0.P'}, 'buy': {'Naver Store': 'http://serieson.naver.com/movie/detail.nhn?productNo=5853212', 'Google Play Movies': 'https://play.google.com/store/movies/details/%25EB%2588%2584%25EA%25B5%25B0%25EA%25B0%2580_%25EC%2596%25B4%25EB%2594%2594%25EC%2597%2590%25EC%2584%259C_%25EB%2582%2598%25EB%25A5%25BC_%25EA%25B8%25B0%25EB%258B%25A4%25EB%25A6%25AC%25EB%25A9%25B4_%25EC%25A2%258B%25EA%25B2%25A0%25EB%258B%25A4?gl=KR%26hl=en%26id=w8IIl-z0UD0.P'}}"
캐리비안 해적과 마법 다이아몬드,"{'streaming': {}, 'rent': {'Naver Store': 'http://serieson.naver.com/movie/detail.nhn?productNo=5479354', 'Google Play Movies': 'https://play.google.com/store/movies/details/%25EC%25BA%2590%25EB%25A6%25AC%25EB%25B9%2584%25EC%2595%2588_%25ED%2595%25B4%25EC%25A0%2581%25EA%25B3%25BC_%25EB%25A7%2588%25EB%25B2%2595_%25EB%258B%25A4%25EC%259D%25B4%25EC%2595%2584%25EB%25AA%25AC%25EB%2593%259C?gl=KR%26hl=en%26id=6mLoPhWW1aE.P'}, 'buy': {'Naver Store': 'http://serieson.naver.com/movie/detail.nhn?productNo=5479355', 'Google Play Movies': 'https://play.google.com/store/movies/details/%25EC%25BA%2590%25EB%25A6%25AC%25EB%25B9%2584%25EC%2595%2588_%25ED%2595%25B4%25EC%25A0%2581%25EA%25B3%25BC_%25EB%25A7%2588%25EB%25B2%2595_%25EB%258B%25A4%25EC%259D%25B4%25EC%2595%2584%25EB%25AA%25AC%25EB%2593%259C?gl=KR%26hl=en%26id=6mLoPhWW1aE.P'}}"
