title,ott
콰이어트 플레이스 2,"{'streaming': {}, 'rent': {'Google Play Movies': 'https://play.google.com/store/movies/details/%25EC%25BD%25B0%25EC%259D%25B4%25EC%2596%25B4%25ED%258A%25B8_%25ED%2594%258C%25EB%25A0%2588%25EC%259D%25B4%25EC%258A%25A4_2?gl=KR%26hl=en%26id=aDcBkk_fwLQ.P', 'wavve': 'https://www.wavve.com/player/movie?movieid=MV_CQ01_PT0000011341', 'Naver Store': 'http://serieson.naver.com/movie/detail.nhn?productNo=6399112'}, 'buy': {'Google Play Movies': 'https://play.google.com/store/movies/details/%25EC%25BD%25B0%25EC%259D%25B4%25EC%2596%25B4%25ED%258A%25B8_%25ED%2594%258C%25EB%25A0%2588%25EC%259D%25B4%25EC%258A%25A4_2?gl=KR%26hl=en%26id=aDcBkk_fwLQ.P', 'Naver Store': 'http://serieson.naver.com/movie/detail.nhn?productNo=6380701'}}"
귀멸의 칼날 극장판 무한열차편,"{'streaming': {}, 'rent': {'wavve': 'https://www.wavve.com/player/movie?movieid=MV_CR01_DN0000011239', 'Naver Store': 'http://serieson.naver.com/movie/detail.nhn?productNo=6291892'}, 'buy': {'wavve': 'https://www.wavve.com/player/movie?movieid=MV_CR01_DN0000011239'}}"
매트릭스: 리저렉션,"{'streaming': {}, 'rent': {}, 'buy': {}}"
캐시트럭,"{'streaming': {}, 'rent': {'wavve': 'https://www.wavve.com/player/movie?movieid=MV_CK01_TCO000012733', 'Google Play Movies': 'https://play.google.com/store/movies/details/%25EC%25BA%2590%25EC%258B%259C%25ED%258A%25B8%25EB%259F%25AD?gl=KR%26hl=en%26id=g4EFCqXUBAk.P'}, 'buy': {'Google Play Movies': 'https://play.google.com/store/movies/details/%25EC%25BA%2590%25EC%258B%259C%25ED%258A%25B8%25EB%259F%25AD?gl=KR%26hl=en%26id=g4EFCqXUBAk.P'}}"
프라미싱 영 우먼,"{'streaming': {}, 'rent': {'wavve': 'https://www.wavve.com/player/movie?movieid=MV_CG01_NU0000011703', 'Naver Store': 'http://serieson.naver.com/movie/detail.nhn?productNo=6051637'}, 'buy': {'Naver Store': 'http://serieson.naver.com/movie/detail.nhn?productNo=6051638', 'wavve': 'https://www.wavve.com/player/movie?movieid=MV_CG01_NU0000011703'}}"
욘욘+엘리사베트,"{'streaming': {'Netflix': 'http://www.netflix.com/title/81248121'}, 'rent': {}, 'buy': {}}"
더 나이트 하우스,"{'streaming': {}, 'rent': {}, 'buy': {}}"
혼자 사는 사람들,"{'streaming': {'Netflix': 'http://www.netflix.com/title/81489763', 'wavve': 'https://www.wavve.com/player/movie?movieid=MV_C901_SG0000138800'}, 'rent': {'wavve': 'https://www.wavve.com/player/movie?movieid=MV_C901_SG0000138800', 'Google Play Movies': 'https://play.google.com/store/movies/details/%25ED%2598%25BC%25EC%259E%2590_%25EC%2582%25AC%25EB%258A%2594_%25EC%2582%25AC%25EB%259E%258C%25EB%2593%25A4?gl=KR%26hl=en%26id=UZl4BetSiq8.P'}, 'buy': {'Naver Store': 'http://serieson.naver.com/movie/detail.nhn?productNo=6328795', 'Google Play Movies': 'https://play.google.com/store/movies/details/%25ED%2598%25BC%25EC%259E%2590_%25EC%2582%25AC%25EB%258A%2594_%25EC%2582%25AC%25EB%259E%258C%25EB%2593%25A4?gl=KR%26hl=en%26id=UZl4BetSiq8.P'}}"
라야와 마지막 드래곤,"{'streaming': {}, 'rent': {}, 'buy': {'Naver Store': 'http://serieson.naver.com/movie/detail.nhn?productNo=6098871', 'Google Play Movies': 'https://play.google.com/store/movies/details/%25EB%259D%25BC%25EC%2595%25BC%25EC%2599%2580_%25EB%25A7%2588%25EC%25A7%2580%25EB%25A7%2589_%25EB%2593%259C%25EB%259E%2598%25EA%25B3%25A4?gl=KR%26hl=en%26id=mOj6B2R2qfo.P'}}"
스페이스 잼: 새로운 시대,"{'streaming': {}, 'rent': {'Google Play Movies': 'https://play.google.com/store/movies/details/%25EC%258A%25A4%25ED%258E%2598%25EC%259D%25B4%25EC%258A%25A4_%25EC%259E%25BC_%25EC%2583%2588%25EB%25A1%259C%25EC%259A%25B4_%25EC%258B%259C%25EB%258C%2580?gl=KR%26hl=en%26id=Rjj97EQD0xU.P', 'wavve': 'https://www.wavve.com/player/movie?movieid=MV_CD01_WR0000011684', 'Naver Store': 'http://serieson.naver.com/movie/detail.nhn?productNo=6493701'}, 'buy': {'Google Play Movies': 'https://play.google.com/store/movies/details/%25EC%258A%25A4%25ED%258E%2598%25EC%259D%25B4%25EC%258A%25A4_%25EC%259E%25BC_%25EC%2583%2588%25EB%25A1%259C%25EC%259A%25B4_%25EC%258B%259C%25EB%258C%2580?gl=KR%26hl=en%26id=Rjj97EQD0xU.P', 'Naver Store': 'http://serieson.naver.com/movie/detail.nhn?productNo=6493744'}}"
피터 래빗 2: 파 프롬 가든,"{'streaming': {}, 'rent': {}, 'buy': {}}"
"소울, 영혼, 그리고 여름","{'streaming': {}, 'rent': {}, 'buy': {}}"
파워 오브 도그,"{'streaming': {}, 'rent': {}, 'buy': {}}"
몬스터 헌터,"{'streaming': {'Netflix': 'http://www.netflix.com/title/80987626'}, 'rent': {'Google Play Movies': 'https://play.google.com/store/movies/details/%25EB%25AA%25AC%25EC%258A%25A4%25ED%2584%25B0_%25ED%2597%258C%25ED%2584%25B0_Monster_Hunter?gl=KR%26hl=en%26id=jdFtPHzGhVw.P', 'wavve': 'https://www.wavve.com/player/movie?movieid=MV_CF01_SY0000011690'}, 'buy': {'Google Play Movies': 'https://play.google.com/store/movies/details/%25EB%25AA%25AC%25EC%258A%25A4%25ED%2584%25B0_%25ED%2597%258C%25ED%2584%25B0_Monster_Hunter?gl=KR%26hl=en%26id=jdFtPHzGhVw.P', 'wavve': 'https://www.wavve.com/player/movie?movieid=MV_CF01_SY0000011690'}}"
히즈 올 댓,"{'streaming': {'Netflix': 'http://www.netflix.com/title/81446038'}, 'rent': {}, 'buy': {}}"
크루즈 패밀리: 뉴 에이지,"{'streaming': {'wavve': 'https://www.wavve.com/player/movie?movieid=MV_MP01_MP0000000010'}, 'rent': {'Google Play Movies': 'https://play.google.com/store/movies/details/%25ED%2581%25AC%25EB%25A3%25A8%25EC%25A6%2588_%25ED%258C%25A8%25EB%25B0%2580%25EB%25A6%25AC_%25EB%2589%25B4_%25EC%2597%2590%25EC%259D%25B4%25EC%25A7%2580?gl=KR%26hl=en%26id=VM8EJDmDntA.P', 'wavve': 'https://www.wavve.com/player/movie?movieid=MV_CG01_NU0000011710', 'Naver Store': 'http://serieson.naver.com/movie/detail.nhn?productNo=6307130'}, 'buy': {'Google Play Movies': 'https://play.google.com/store/movies/details/%25ED%2581%25AC%25EB%25A3%25A8%25EC%25A6%2588_%25ED%258C%25A8%25EB%25B0%2580%25EB%25A6%25AC_%25EB%2589%25B4_%25EC%2597%2590%25EC%259D%25B4%25EC%25A7%2580?gl=KR%26hl=en%26id=VM8EJDmDntA.P', 'wavve': 'https://www.wavve.com/player/movie?movieid=MV_CG01_NU0000011710', 'Naver Store': 'http://serieson.naver.com/movie/detail.nhn?productNo=6243813'}}"
코코 : 죽은 자들의 세상,"{'streaming': {}, 'rent': {'wavve': 'https://www.wavve.com/player/movie?movieid=MV_CU01_DL0000012832', 'Google Play Movies': 'https://play.google.com/store/movies/details/%25EC%25BD%2594%25EC%25BD%2594_%25EC%25A3%25BD%25EC%259D%2580_%25EC%259E%2590%25EB%2593%25A4%25EC%259D%2598_%25EC%2584%25B8%25EC%2583%2581?gl=KR%26hl=en%26id=1YK4vWTtAwc.P'}, 'buy': {'Google Play Movies': 'https://play.google.com/store/movies/details/%25EC%25BD%2594%25EC%25BD%2594_%25EC%25A3%25BD%25EC%259D%2580_%25EC%259E%2590%25EB%2593%25A4%25EC%259D%2598_%25EC%2584%25B8%25EC%2583%2581?gl=KR%26hl=en%26id=1YK4vWTtAwc.P'}}"
디바,"{'streaming': {'Watcha': 'https://watcha.com/contents/mWvk0zD'}, 'rent': {'wavve': 'https://www.wavve.com/player/movie?movieid=MV_EN01_EN000000074', 'Google Play Movies': 'https://play.google.com/store/movies/details/%25EB%2594%2594%25EB%25B0%2594?gl=KR%26hl=en%26id=0yyDEqXfxq8.P'}, 'buy': {'wavve': 'https://www.wavve.com/player/movie?movieid=MV_EN01_EN000000074', 'Google Play Movies': 'https://play.google.com/store/movies/details/%25EB%2594%2594%25EB%25B0%2594?gl=KR%26hl=en%26id=0yyDEqXfxq8.P'}}"
기동전사 건담: 섬광의 하사웨이,"{'streaming': {'Netflix': 'http://www.netflix.com/title/81439253'}, 'rent': {}, 'buy': {}}"
디스트릭트 666: 영혼의 구역,"{'streaming': {}, 'rent': {}, 'buy': {}}"
호라이즌 라인,"{'streaming': {}, 'rent': {'wavve': 'https://www.wavve.com/player/movie?movieid=MV_C3001_C300000012458'}, 'buy': {'Naver Store': 'http://serieson.naver.com/movie/detail.nhn?productNo=5962393', 'Google Play Movies': 'https://play.google.com/store/movies/details/%25ED%2598%25B8%25EB%259D%25BC%25EC%259D%25B4%25EC%25A6%258C_%25EB%259D%25BC%25EC%259D%25B8?gl=KR%26hl=en%26id=YSczCaiXsuE.P'}}"
결백,"{'streaming': {'Watcha': 'https://watcha.com/contents/mWvwLr0'}, 'rent': {'wavve': 'https://www.wavve.com/player/movie?movieid=MV_CT01_MBC000013329', 'Google Play Movies': 'https://play.google.com/store/movies/details/%25EA%25B2%25B0%25EB%25B0%25B1?gl=KR%26hl=en%26id=-17m1_kjXpM.P'}, 'buy': {'Naver Store': 'http://serieson.naver.com/movie/detail.nhn?productNo=5291760', 'Google Play Movies': 'https://play.google.com/store/movies/details/%25EA%25B2%25B0%25EB%25B0%25B1?gl=KR%26hl=en%26id=-17m1_kjXpM.P'}}"
그레타 툰베리,"{'streaming': {}, 'rent': {'wavve': 'https://www.wavve.com/player/movie?movieid=MV_CU01_DL0000012872'}, 'buy': {'Naver Store': 'http://serieson.naver.com/movie/detail.nhn?productNo=6340447'}}"
#살아있다,"{'streaming': {'Netflix': 'http://www.netflix.com/title/81240831'}, 'rent': {'Naver Store': 'http://serieson.naver.com/movie/detail.nhn?productNo=5447635', 'wavve': 'https://www.wavve.com/player/movie?movieid=MV_CI01_LE0000011245', 'Google Play Movies': 'https://play.google.com/store/movies/details/%25EC%2582%25B4%25EC%2595%2584%25EC%259E%2588%25EB%258B%25A4?gl=KR%26hl=en%26id=Iihl2e1tKyo.P'}, 'buy': {'wavve': 'https://www.wavve.com/player/movie?movieid=MV_CI01_LE0000011245', 'Naver Store': 'http://serieson.naver.com/movie/detail.nhn?productNo=5333805', 'Google Play Movies': 'https://play.google.com/store/movies/details/%25EC%2582%25B4%25EC%2595%2584%25EC%259E%2588%25EB%258B%25A4?gl=KR%26hl=en%26id=Iihl2e1tKyo.P'}}"
페이트/스테이 나이트 [헤븐즈 필]: 제3장 스프링 송,"{'streaming': {}, 'rent': {'Google Play Movies': 'https://play.google.com/store/movies/details/%25ED%258E%2598%25EC%259D%25B4%25ED%258A%25B8_%25EC%258A%25A4%25ED%2585%258C%25EC%259D%25B4_%25ED%2597%25A4%25EB%25B8%2590%25EC%25A6%2588%25ED%2595%2584_%25EC%25A0%259C3%25EC%259E%25A5_%25EC%258A%25A4%25ED%2594%2584%25EB%25A7%2581_%25EC%2586%25A1?gl=KR%26hl=en%26id=85D7AdAqH1U.P'}, 'buy': {'Google Play Movies': 'https://play.google.com/store/movies/details/%25ED%258E%2598%25EC%259D%25B4%25ED%258A%25B8_%25EC%258A%25A4%25ED%2585%258C%25EC%259D%25B4_%25ED%2597%25A4%25EB%25B8%2590%25EC%25A6%2588%25ED%2595%2584_%25EC%25A0%259C3%25EC%259E%25A5_%25EC%258A%25A4%25ED%2594%2584%25EB%25A7%2581_%25EC%2586%25A1?gl=KR%26hl=en%26id=85D7AdAqH1U.P'}}"
음양사: 청아집,"{'streaming': {'Netflix': 'http://www.netflix.com/title/81386963'}, 'rent': {}, 'buy': {}}"
오슬로,"{'streaming': {}, 'rent': {}, 'buy': {}}"
밈 전쟁: 개구리 페페 구하기,"{'streaming': {'Watcha': 'https://watcha.com/contents/mWz34x9'}, 'rent': {}, 'buy': {}}"
베르나르다 알바,"{'streaming': {'wavve': 'https://www.wavve.com/player/movie?movieid=MV_VW01_VW000000023'}, 'rent': {'wavve': 'https://www.wavve.com/player/movie?movieid=MV_VW01_VW000000023'}, 'buy': {'Naver Store': 'http://serieson.naver.com/movie/detail.nhn?productNo=6210981', 'Google Play Movies': 'https://play.google.com/store/movies/details/%25EB%25B2%25A0%25EB%25A5%25B4%25EB%2582%2598%25EB%25A5%25B4%25EB%258B%25A4_%25EC%2595%258C%25EB%25B0%2594?gl=KR%26hl=en%26id=ENQ8MbS6aJI.P'}}"
하우 잇 앤드,"{'streaming': {}, 'rent': {}, 'buy': {}}"
Come un gatto in tangenziale - Ritorno a Coccia di Morto,"{'streaming': {}, 'rent': {}, 'buy': {}}"
실크 로드,"{'streaming': {'wavve': 'https://www.wavve.com/player/movie?movieid=MV_CK01_TCO000012721'}, 'rent': {'wavve': 'https://www.wavve.com/player/movie?movieid=MV_CK01_TCO000012721'}, 'buy': {'Naver Store': 'http://serieson.naver.com/movie/detail.nhn?productNo=6304669'}}"
소셜 딜레마,"{'streaming': {'Netflix': 'http://www.netflix.com/title/81254224'}, 'rent': {}, 'buy': {}}"
아메리칸 트레이터,"{'streaming': {}, 'rent': {'Naver Store': 'http://serieson.naver.com/movie/detail.nhn?productNo=6493724', 'Google Play Movies': 'https://play.google.com/store/movies/details/%25EC%2595%2584%25EB%25A9%2594%25EB%25A6%25AC%25EC%25B9%25B8_%25ED%258A%25B8%25EB%25A0%2588%25EC%259D%25B4%25ED%2584%25B0?gl=KR%26hl=en%26id=A3aW3h-S6bw.P'}, 'buy': {'Naver Store': 'http://serieson.naver.com/movie/detail.nhn?productNo=6493723', 'Google Play Movies': 'https://play.google.com/store/movies/details/%25EC%2595%2584%25EB%25A9%2594%25EB%25A6%25AC%25EC%25B9%25B8_%25ED%258A%25B8%25EB%25A0%2588%25EC%259D%25B4%25ED%2584%25B0?gl=KR%26hl=en%26id=A3aW3h-S6bw.P'}}"
온워드: 단 하루의 기적,"{'streaming': {}, 'rent': {}, 'buy': {'Naver Store': 'http://serieson.naver.com/movie/detail.nhn?productNo=5316666', 'Google Play Movies': 'https://play.google.com/store/movies/details/%25EC%2598%25A8%25EC%259B%258C%25EB%2593%259C_%25EB%258B%25A8_%25ED%2595%2598%25EB%25A3%25A8%25EC%259D%2598_%25EA%25B8%25B0%25EC%25A0%2581?gl=KR%26hl=en%26id=fCwq2DL1fDY.P'}}"
킹 리차드,"{'streaming': {}, 'rent': {}, 'buy': {}}"
파라메딕 앙헬,"{'streaming': {'Netflix': 'http://www.netflix.com/title/81136406'}, 'rent': {}, 'buy': {}}"
크로스 더 라인,"{'streaming': {}, 'rent': {}, 'buy': {}}"
맬컴과 마리,"{'streaming': {'Netflix': 'http://www.netflix.com/title/81344370'}, 'rent': {}, 'buy': {}}"
채드윅 보즈먼: 예술가의 초상,"{'streaming': {}, 'rent': {}, 'buy': {}}"
Queen Bees,"{'streaming': {}, 'rent': {}, 'buy': {}}"
Firedrake the Silver Dragon,"{'streaming': {}, 'rent': {}, 'buy': {}}"
Lansky,"{'streaming': {}, 'rent': {}, 'buy': {}}"
맥베스의 비극,"{'streaming': {}, 'rent': {}, 'buy': {}}"
시크릿 더 무비 - 간절히 꿈꾸면,"{'streaming': {'Netflix': 'http://www.netflix.com/title/81232236'}, 'rent': {'Google Play Movies': 'https://play.google.com/store/movies/details/%25EB%258D%2594_%25EC%258B%259C%25ED%2581%25AC%25EB%25A6%25BF_%25EB%258D%25B0%25EC%2596%25B4_%25ED%2588%25AC_%25EB%2593%259C%25EB%25A6%25BC?gl=KR%26hl=en%26id=iU34x5V5lig.P'}, 'buy': {'Google Play Movies': 'https://play.google.com/store/movies/details/%25EB%258D%2594_%25EC%258B%259C%25ED%2581%25AC%25EB%25A6%25BF_%25EB%258D%25B0%25EC%2596%25B4_%25ED%2588%25AC_%25EB%2593%259C%25EB%25A6%25BC?gl=KR%26hl=en%26id=iU34x5V5lig.P'}}"
컴 어웨이,"{'streaming': {}, 'rent': {}, 'buy': {}}"
Oasis: Knebworth 1996,"{'streaming': {}, 'rent': {}, 'buy': {}}"
웨스트 사이드 스토리,"{'streaming': {}, 'rent': {}, 'buy': {}}"
경고,"{'streaming': {}, 'rent': {}, 'buy': {}}"
남산의 부장들,"{'streaming': {'Netflix': 'http://www.netflix.com/title/81259473', 'wavve': 'https://www.wavve.com/player/movie?movieid=MV_SB01_SB0000000073'}, 'rent': {'wavve': 'https://www.wavve.com/player/movie?movieid=MV_SB01_SB0000000073', 'Naver Store': 'http://serieson.naver.com/movie/detail.nhn?productNo=4885026', 'Google Play Movies': 'https://play.google.com/store/movies/details/%25EB%2582%25A8%25EC%2582%25B0%25EC%259D%2598_%25EB%25B6%2580%25EC%259E%25A5%25EB%2593%25A4?gl=KR%26hl=en%26id=gz1FWQzGLok.P'}, 'buy': {'Naver Store': 'http://serieson.naver.com/movie/detail.nhn?productNo=4885027', 'Google Play Movies': 'https://play.google.com/store/movies/details/%25EB%2582%25A8%25EC%2582%25B0%25EC%259D%2598_%25EB%25B6%2580%25EC%259E%25A5%25EB%2593%25A4?gl=KR%26hl=en%26id=gz1FWQzGLok.P'}}"
프로젝트 파워,"{'streaming': {'Netflix': 'http://www.netflix.com/title/80204465'}, 'rent': {}, 'buy': {}}"
베네데타,"{'streaming': {}, 'rent': {}, 'buy': {}}"
제인의 썸머,"{'streaming': {}, 'rent': {'wavve': 'https://www.wavve.com/player/movie?movieid=MV_CT01_MBC000013304', 'Google Play Movies': 'https://play.google.com/store/movies/details/%25EC%25A0%259C%25EC%259D%25B8%25EC%259D%2598_%25EC%258D%25B8%25EB%25A8%25B8?gl=KR%26hl=en%26id=15SbmLCsk5Y.P'}, 'buy': {'Google Play Movies': 'https://play.google.com/store/movies/details/%25EC%25A0%259C%25EC%259D%25B8%25EC%259D%2598_%25EC%258D%25B8%25EB%25A8%25B8?gl=KR%26hl=en%26id=15SbmLCsk5Y.P'}}"
더 워스트 퍼슨 인 더 월드,"{'streaming': {}, 'rent': {}, 'buy': {}}"
블랙 워터: 아비스,"{'streaming': {}, 'rent': {}, 'buy': {}}"
"가버려라, 2020년","{'streaming': {'Netflix': 'http://www.netflix.com/title/81332175'}, 'rent': {}, 'buy': {}}"
포스 오브 네이쳐,"{'streaming': {}, 'rent': {'wavve': 'https://www.wavve.com/player/movie?movieid=MV_TW01_TW0000000529'}, 'buy': {'Naver Store': 'http://serieson.naver.com/movie/detail.nhn?productNo=5286963', 'Google Play Movies': 'https://play.google.com/store/movies/details/%25ED%258F%25AC%25EC%258A%25A4_%25EC%2598%25A4%25EB%25B8%258C_%25EB%2584%25A4%25EC%259D%25B4%25EC%25B3%2590?gl=KR%26hl=en%26id=mB9cTFG7RZg.P'}}"
오직 하나뿐인 아이반,"{'streaming': {}, 'rent': {}, 'buy': {}}"
메인스트림,"{'streaming': {}, 'rent': {}, 'buy': {}}"
더 진,"{'streaming': {}, 'rent': {}, 'buy': {}}"
댄스 오브 41,"{'streaming': {'Netflix': 'http://www.netflix.com/title/80235267'}, 'rent': {}, 'buy': {}}"
실종,"{'streaming': {}, 'rent': {}, 'buy': {}}"
The Last Duel,"{'streaming': {}, 'rent': {}, 'buy': {}}"
자기 앞의 생,"{'streaming': {'Netflix': 'http://www.netflix.com/title/81046378'}, 'rent': {}, 'buy': {}}"
휴비의 핼러윈,"{'streaming': {'Netflix': 'http://www.netflix.com/title/80245104'}, 'rent': {}, 'buy': {}}"
더 시크릿,"{'streaming': {'wavve': 'https://www.wavve.com/player/movie?movieid=MV_CK01_TCO000012657'}, 'rent': {'wavve': 'https://www.wavve.com/player/movie?movieid=MV_CK01_TCO000012657', 'Google Play Movies': 'https://play.google.com/store/movies/details/%25EB%258D%2594_%25EC%258B%259C%25ED%2581%25AC%25EB%25A6%25BF?gl=KR%26hl=en%26id=mTkNSHWtpsM.P'}, 'buy': {'Naver Store': 'http://serieson.naver.com/movie/detail.nhn?productNo=5889747', 'Google Play Movies': 'https://play.google.com/store/movies/details/%25EB%258D%2594_%25EC%258B%259C%25ED%2581%25AC%25EB%25A6%25BF?gl=KR%26hl=en%26id=mTkNSHWtpsM.P'}}"
Drive My Car,"{'streaming': {}, 'rent': {}, 'buy': {}}"
헤이터,"{'streaming': {'Netflix': 'http://www.netflix.com/title/81270667'}, 'rent': {}, 'buy': {}}"
아무도 살아서 나갈 수 없다,"{'streaming': {}, 'rent': {}, 'buy': {}}"
Maixabel,"{'streaming': {}, 'rent': {}, 'buy': {}}"
애프터매스,"{'streaming': {'Netflix': 'http://www.netflix.com/title/70155777'}, 'rent': {}, 'buy': {}}"
Risen,"{'streaming': {}, 'rent': {}, 'buy': {}}"
"틱, 틱... 붐!","{'streaming': {}, 'rent': {}, 'buy': {}}"
케미칼 하트,"{'streaming': {'Amazon Prime Video': 'https://app.primevideo.com/detail?gti=amzn1.dv.gti.eeb9f077-ff71-0aec-a89c-61481a01c03f'}, 'rent': {}, 'buy': {}}"
Old Henry,"{'streaming': {}, 'rent': {}, 'buy': {}}"
The Resort,"{'streaming': {}, 'rent': {}, 'buy': {}}"
빌어먹을,"{'streaming': {}, 'rent': {}, 'buy': {}}"
டிக்கிலோனா,"{'streaming': {}, 'rent': {}, 'buy': {}}"
사탄은 없다,"{'streaming': {}, 'rent': {}, 'buy': {}}"
블랙홀: 사건의 지평선에서,"{'streaming': {'Netflix': 'http://www.netflix.com/title/81343342'}, 'rent': {}, 'buy': {}}"
더 런,"{'streaming': {}, 'rent': {'wavve': 'https://www.wavve.com/player/movie?movieid=MV_CK01_TCO000012768', 'Google Play Movies': 'https://play.google.com/store/movies/details/%25EB%258D%2594_%25EB%259F%25B0?gl=KR%26hl=en%26id=FG3eXcqWnOw.P'}, 'buy': {'Google Play Movies': 'https://play.google.com/store/movies/details/%25EB%258D%2594_%25EB%259F%25B0?gl=KR%26hl=en%26id=FG3eXcqWnOw.P'}}"
폭력의 그림자,"{'streaming': {}, 'rent': {'wavve': 'https://www.wavve.com/player/movie?movieid=MV_CT01_MBC000013669', 'Google Play Movies': 'https://play.google.com/store/movies/details/%25ED%258F%25AD%25EB%25A0%25A5%25EC%259D%2598_%25EA%25B7%25B8%25EB%25A6%25BC%25EC%259E%2590?gl=KR%26hl=en%26id=-iftdQJsLy4.P'}, 'buy': {'Google Play Movies': 'https://play.google.com/store/movies/details/%25ED%258F%25AD%25EB%25A0%25A5%25EC%259D%2598_%25EA%25B7%25B8%25EB%25A6%25BC%25EC%259E%2590?gl=KR%26hl=en%26id=-iftdQJsLy4.P'}}"
어둠을 보았다,"{'streaming': {'Netflix': 'http://www.netflix.com/title/80222754'}, 'rent': {}, 'buy': {}}"
Persona: The Dark Truth Behind Personality Tests,"{'streaming': {}, 'rent': {}, 'buy': {}}"
더 듀크,"{'streaming': {}, 'rent': {}, 'buy': {}}"
네이키드 싱귤래리티,"{'streaming': {}, 'rent': {}, 'buy': {}}"
딕 존슨이 죽었습니다,"{'streaming': {'Netflix': 'http://www.netflix.com/title/80234465'}, 'rent': {}, 'buy': {}}"
Son of the South,"{'streaming': {}, 'rent': {}, 'buy': {}}"
Swan Song,"{'streaming': {}, 'rent': {}, 'buy': {}}"
트위스트,"{'streaming': {}, 'rent': {}, 'buy': {}}"
더 나이트,"{'streaming': {}, 'rent': {'wavve': 'https://www.wavve.com/player/movie?movieid=MV_C901_SG0000139723', 'Google Play Movies': 'https://play.google.com/store/movies/details/%25EB%258D%2594_%25EB%2582%2598%25EC%259D%25B4%25ED%258A%25B8?gl=KR%26hl=en%26id=Lc0Qm3-U1PQ.P'}, 'buy': {'Naver Store': 'http://serieson.naver.com/movie/detail.nhn?productNo=6438853', 'Google Play Movies': 'https://play.google.com/store/movies/details/%25EB%258D%2594_%25EB%2582%2598%25EC%259D%25B4%25ED%258A%25B8?gl=KR%26hl=en%26id=Lc0Qm3-U1PQ.P'}}"
박강아름 결혼하다,"{'streaming': {}, 'rent': {'wavve': 'https://www.wavve.com/player/movie?movieid=MV_CK01_TCO000012767', 'Google Play Movies': 'https://play.google.com/store/movies/details/%25EB%25B0%2595%25EA%25B0%2595%25EC%2595%2584%25EB%25A6%2584_%25EA%25B2%25B0%25ED%2598%25BC%25ED%2595%2598%25EB%258B%25A4?gl=KR%26hl=en%26id=1FHSyMY8U3Y.P'}, 'buy': {'Google Play Movies': 'https://play.google.com/store/movies/details/%25EB%25B0%2595%25EA%25B0%2595%25EC%2595%2584%25EB%25A6%2584_%25EA%25B2%25B0%25ED%2598%25BC%25ED%2595%2598%25EB%258B%25A4?gl=KR%26hl=en%26id=1FHSyMY8U3Y.P'}}"
Malik,"{'streaming': {'Amazon Prime Video': 'https://app.primevideo.com/detail?gti=amzn1.dv.gti.b2bcbf9c-a3c8-4bd5-b71b-9d5ad0867b6e'}, 'rent': {}, 'buy': {}}"
바디 캠,"{'streaming': {}, 'rent': {'Google Play Movies': 'https://play.google.com/store/movies/details/%25EB%25B0%2594%25EB%2594%2594%25EC%25BA%25A0?gl=KR%26hl=en%26id=_pUiw0IM21o.P', 'wavve': 'https://www.wavve.com/player/movie?movieid=MV_CQ01_PT0000011335'}, 'buy': {'Google Play Movies': 'https://play.google.com/store/movies/details/%25EB%25B0%2594%25EB%2594%2594%25EC%25BA%25A0?gl=KR%26hl=en%26id=_pUiw0IM21o.P', 'wavve': 'https://www.wavve.com/player/movie?movieid=MV_CQ01_PT0000011335'}}"
아미 오브 더 데드: 도둑들,"{'streaming': {}, 'rent': {}, 'buy': {}}"
해프닝,"{'streaming': {}, 'rent': {}, 'buy': {}}"
아랍 블루스,"{'streaming': {'Watcha': 'https://watcha.com/contents/mOop0zm'}, 'rent': {}, 'buy': {}}"
레드 로켓,"{'streaming': {}, 'rent': {}, 'buy': {}}"
보이즈 인 더 밴드,"{'streaming': {'Netflix': 'http://www.netflix.com/title/81000365'}, 'rent': {}, 'buy': {}}"
브리트니 VS 스피어스,"{'streaming': {}, 'rent': {}, 'buy': {}}"
New Gods: Nezha Reborn,"{'streaming': {'Netflix': 'http://www.netflix.com/title/81418302'}, 'rent': {}, 'buy': {}}"
키싱 부스 2,"{'streaming': {'Netflix': 'http://www.netflix.com/title/81026818'}, 'rent': {}, 'buy': {}}"
Gaia,"{'streaming': {}, 'rent': {}, 'buy': {}}"
위 아 40,"{'streaming': {'Netflix': 'http://www.netflix.com/title/80231356'}, 'rent': {}, 'buy': {}}"
스페셜 솔져,"{'streaming': {}, 'rent': {'wavve': 'https://www.wavve.com/player/movie?movieid=MV_TW01_TW0000000403'}, 'buy': {'Naver Store': 'http://serieson.naver.com/movie/detail.nhn?productNo=4505337', 'Google Play Movies': 'https://play.google.com/store/movies/details/%25EC%258A%25A4%25ED%258E%2598%25EC%2585%259C_%25EC%2586%2594%25EC%25A0%25B8?gl=KR%26hl=en%26id=mSHFsWWA6P4.P'}}"
우리는 영원히 어리지 않다,"{'streaming': {'Netflix': 'http://www.netflix.com/title/81034185'}, 'rent': {}, 'buy': {}}"
사운드 오브 데스,"{'streaming': {}, 'rent': {'Google Play Movies': 'https://play.google.com/store/movies/details/%25EC%2582%25AC%25EC%259A%25B4%25EB%2593%259C_%25EC%2598%25A4%25EB%25B8%258C_%25EB%258D%25B0%25EC%258A%25A4?gl=KR%26hl=en%26id=jPwpaV7B1M8.P'}, 'buy': {'Google Play Movies': 'https://play.google.com/store/movies/details/%25EC%2582%25AC%25EC%259A%25B4%25EB%2593%259C_%25EC%2598%25A4%25EB%25B8%258C_%25EB%258D%25B0%25EC%258A%25A4?gl=KR%26hl=en%26id=jPwpaV7B1M8.P'}}"
The Year of the Everlasting Storm,"{'streaming': {}, 'rent': {}, 'buy': {}}"
얼터드 카본: 리슬리브,"{'streaming': {'Netflix': 'http://www.netflix.com/title/81001991'}, 'rent': {}, 'buy': {}}"
Mama Weed,"{'streaming': {}, 'rent': {}, 'buy': {}}"
레드 라텍스,"{'streaming': {'wavve': 'https://www.wavve.com/player/movie?movieid=MV_LX01_LX0000000652'}, 'rent': {'wavve': 'https://www.wavve.com/player/movie?movieid=MV_LX01_LX0000000652'}, 'buy': {}}"
AK-47,"{'streaming': {}, 'rent': {'wavve': 'https://www.wavve.com/player/movie?movieid=MV_SU01_SU0000000163', 'Google Play Movies': 'https://play.google.com/store/movies/details/AK_47?gl=KR%26hl=en%26id=sTxFfkZo8ho.P'}, 'buy': {'Naver Store': 'http://serieson.naver.com/movie/detail.nhn?productNo=5533120', 'Google Play Movies': 'https://play.google.com/store/movies/details/AK_47?gl=KR%26hl=en%26id=sTxFfkZo8ho.P'}}"
10월의 울림,"{'streaming': {}, 'rent': {}, 'buy': {}}"
죽음의 올가미,"{'streaming': {}, 'rent': {}, 'buy': {}}"
Mass,"{'streaming': {'Plex': 'https://watch.plex.tv/movie/mass-2020?autoplay=1%26utm_source=justWatch-catalog%26utm_medium=deeplink%26utm_content=60b16116237df2002cfd984a'}, 'rent': {}, 'buy': {}}"
Mothering Sunday,"{'streaming': {}, 'rent': {}, 'buy': {}}"
Enemies of the State,"{'streaming': {}, 'rent': {}, 'buy': {}}"
폴리스,"{'streaming': {'wavve': 'https://www.wavve.com/player/movie?movieid=MV_CK01_TCO000012667'}, 'rent': {'wavve': 'https://www.wavve.com/player/movie?movieid=MV_CK01_TCO000012667', 'Google Play Movies': 'https://play.google.com/store/movies/details/%25ED%258F%25B4%25EB%25A6%25AC%25EC%258A%25A4?gl=KR%26hl=en%26id=FSAgEbxzBc0.P'}, 'buy': {'Naver Store': 'http://serieson.naver.com/movie/detail.nhn?productNo=5928183', 'Google Play Movies': 'https://play.google.com/store/movies/details/%25ED%258F%25B4%25EB%25A6%25AC%25EC%258A%25A4?gl=KR%26hl=en%26id=FSAgEbxzBc0.P'}}"
그리고 내일은 온 세상이,"{'streaming': {'Netflix': 'http://www.netflix.com/title/81392185'}, 'rent': {}, 'buy': {}}"
고백,"{'streaming': {}, 'rent': {'wavve': 'https://www.wavve.com/player/movie?movieid=MV_EN01_EN000000910', 'Naver Store': 'http://serieson.naver.com/movie/detail.nhn?productNo=6034871', 'Google Play Movies': 'https://play.google.com/store/movies/details/%25EA%25B3%25A0%25EB%25B0%25B1?gl=KR%26hl=en%26id=jCFhkQ9DF9w.P'}, 'buy': {'wavve': 'https://www.wavve.com/player/movie?movieid=MV_EN01_EN000000910', 'Naver Store': 'http://serieson.naver.com/movie/detail.nhn?productNo=6034870', 'Google Play Movies': 'https://play.google.com/store/movies/details/%25EA%25B3%25A0%25EB%25B0%25B1?gl=KR%26hl=en%26id=jCFhkQ9DF9w.P'}}"
애프터 스톰,"{'streaming': {}, 'rent': {'wavve': 'https://www.wavve.com/player/movie?movieid=MV_C3001_C300000012489'}, 'buy': {'Naver Store': 'http://serieson.naver.com/movie/detail.nhn?productNo=6447542', 'Google Play Movies': 'https://play.google.com/store/movies/details/%25EC%2595%25A0%25ED%2594%2584%25ED%2584%25B0_%25EC%258A%25A4%25ED%2586%25B0?gl=KR%26hl=en%26id=1wrTJuuXG88.P'}}"
The Eternals,"{'streaming': {}, 'rent': {}, 'buy': {}}"
마르가리타의 선율,"{'streaming': {}, 'rent': {}, 'buy': {}}"
운 나쁜 섹스 혹은 이상한 포르노,"{'streaming': {}, 'rent': {}, 'buy': {}}"
하우 투 비 어 굿 와이프,"{'streaming': {}, 'rent': {}, 'buy': {}}"
불어라 검풍아,"{'streaming': {}, 'rent': {'Naver Store': 'http://serieson.naver.com/movie/detail.nhn?productNo=6103844', 'Google Play Movies': 'https://play.google.com/store/movies/details/%25EB%25B6%2588%25EC%2596%25B4%25EB%259D%25BC_%25EA%25B2%2580%25ED%2592%258D%25EC%2595%2584?gl=KR%26hl=en%26id=RtdUlGhZcXo.P'}, 'buy': {'Naver Store': 'http://serieson.naver.com/movie/detail.nhn?productNo=6103843', 'Google Play Movies': 'https://play.google.com/store/movies/details/%25EB%25B6%2588%25EC%2596%25B4%25EB%259D%25BC_%25EA%25B2%2580%25ED%2592%258D%25EC%2595%2584?gl=KR%26hl=en%26id=RtdUlGhZcXo.P'}}"
그 숲에선 누구도 잠들 수 없다,"{'streaming': {'Netflix': 'http://www.netflix.com/title/81149049'}, 'rent': {}, 'buy': {}}"
The Mole,"{'streaming': {}, 'rent': {}, 'buy': {}}"
교환학생 다이어리,"{'streaming': {'Netflix': 'http://www.netflix.com/title/81035250'}, 'rent': {}, 'buy': {}}"
아수라도,"{'streaming': {}, 'rent': {'wavve': 'https://www.wavve.com/player/movie?movieid=MV_C3001_C300000012463'}, 'buy': {'Google Play Movies': 'https://play.google.com/store/movies/details/%25EC%2595%2584%25EC%2588%2598%25EB%259D%25BC%25EB%258F%2584?gl=KR%26hl=en%26id=ln3vw0wNzk8.P'}}"
스나이퍼: 암살자의 최후,"{'streaming': {'Netflix': 'http://www.netflix.com/title/81279324'}, 'rent': {'Google Play Movies': 'https://play.google.com/store/movies/details/%25EC%258A%25A4%25EB%2582%2598%25EC%259D%25B4%25ED%258D%25BC_%25EC%2595%2594%25EC%2582%25B4%25EC%259E%2590%25EC%259D%2598_%25EC%25B5%259C%25ED%259B%2584?gl=KR%26hl=en%26id=4TpsgOibsQw.P', 'wavve': 'https://www.wavve.com/player/movie?movieid=MV_CF01_SY0000011621', 'Naver Store': 'http://serieson.naver.com/movie/detail.nhn?productNo=5399002'}, 'buy': {'Google Play Movies': 'https://play.google.com/store/movies/details/%25EC%258A%25A4%25EB%2582%2598%25EC%259D%25B4%25ED%258D%25BC_%25EC%2595%2594%25EC%2582%25B4%25EC%259E%2590%25EC%259D%2598_%25EC%25B5%259C%25ED%259B%2584?gl=KR%26hl=en%26id=4TpsgOibsQw.P', 'Naver Store': 'http://serieson.naver.com/movie/detail.nhn?productNo=5486267', 'wavve': 'https://www.wavve.com/player/movie?movieid=MV_CF01_SY0000011621'}}"
플레인 하이스트,"{'streaming': {}, 'rent': {'Naver Store': 'http://serieson.naver.com/movie/detail.nhn?productNo=5546731', 'Google Play Movies': 'https://play.google.com/store/movies/details/%25ED%2594%258C%25EB%25A0%2588%25EC%259D%25B8_%25ED%2595%2598%25EC%259D%25B4%25EC%258A%25A4%25ED%258A%25B8?gl=KR%26hl=en%26id=MwHjWRA7aGc.P'}, 'buy': {'Naver Store': 'http://serieson.naver.com/movie/detail.nhn?productNo=5546730', 'Google Play Movies': 'https://play.google.com/store/movies/details/%25ED%2594%258C%25EB%25A0%2588%25EC%259D%25B8_%25ED%2595%2598%25EC%259D%25B4%25EC%258A%25A4%25ED%258A%25B8?gl=KR%26hl=en%26id=MwHjWRA7aGc.P'}}"
Sörensen's Fear,"{'streaming': {}, 'rent': {}, 'buy': {}}"
나를 사로잡은 그대,"{'streaming': {'Netflix': 'http://www.netflix.com/title/81320770'}, 'rent': {}, 'buy': {}}"
브레이킹 바운더리: 지구의 과학,"{'streaming': {'Netflix': 'http://www.netflix.com/title/81336476'}, 'rent': {}, 'buy': {}}"
아들의 이름으로,"{'streaming': {}, 'rent': {'wavve': 'https://www.wavve.com/player/movie?movieid=MV_CK01_TCO000012717', 'Google Play Movies': 'https://play.google.com/store/movies/details/%25EC%2595%2584%25EB%2593%25A4%25EC%259D%2598_%25EC%259D%25B4%25EB%25A6%2584%25EC%259C%25BC%25EB%25A1%259C?gl=KR%26hl=en%26id=1nolpQB25xQ.P'}, 'buy': {'Naver Store': 'http://serieson.naver.com/movie/detail.nhn?productNo=6261838', 'Google Play Movies': 'https://play.google.com/store/movies/details/%25EC%2595%2584%25EB%2593%25A4%25EC%259D%2598_%25EC%259D%25B4%25EB%25A6%2584%25EC%259C%25BC%25EB%25A1%259C?gl=KR%26hl=en%26id=1nolpQB25xQ.P'}}"
시카다 3301,"{'streaming': {}, 'rent': {'Google Play Movies': 'https://play.google.com/store/movies/details/%25EC%258B%259C%25EC%25B9%25B4%25EB%258B%25A4_3301?gl=KR%26hl=en%26id=C4rP5JeFcp4.P', 'wavve': 'https://www.wavve.com/player/movie?movieid=MV_CJ01_CA0000011821'}, 'buy': {'Google Play Movies': 'https://play.google.com/store/movies/details/%25EC%258B%259C%25EC%25B9%25B4%25EB%258B%25A4_3301?gl=KR%26hl=en%26id=C4rP5JeFcp4.P'}}"
짐승의 시간,"{'streaming': {'Netflix': 'http://www.netflix.com/title/81319170'}, 'rent': {}, 'buy': {}}"
The Korean From Seoul,"{'streaming': {'Plex': 'https://watch.plex.tv/movie/the-korean-from-seoul?autoplay=1%26utm_source=justWatch-catalog%26utm_medium=deeplink%26utm_content=60ac0fb724ff0d002c599787'}, 'rent': {}, 'buy': {}}"
"마리셀라 에스코베도, 세 번의 죽음","{'streaming': {'Netflix': 'http://www.netflix.com/title/81002192'}, 'rent': {}, 'buy': {}}"
지포스: 스페이스 배틀,"{'streaming': {}, 'rent': {'wavve': 'https://www.wavve.com/player/movie?movieid=MV_C901_SG0000141062', 'Google Play Movies': 'https://play.google.com/store/movies/details/%25EC%25A7%2580%25ED%258F%25AC%25EC%258A%25A4_%25EC%258A%25A4%25ED%258E%2598%25EC%259D%25B4%25EC%258A%25A4_%25EB%25B0%25B0%25ED%258B%2580?gl=KR%26hl=en%26id=XrCiQ1tXYuo.P'}, 'buy': {'Naver Store': 'http://serieson.naver.com/movie/detail.nhn?productNo=6589614', 'Google Play Movies': 'https://play.google.com/store/movies/details/%25EC%25A7%2580%25ED%258F%25AC%25EC%258A%25A4_%25EC%258A%25A4%25ED%258E%2598%25EC%259D%25B4%25EC%258A%25A4_%25EB%25B0%25B0%25ED%258B%2580?gl=KR%26hl=en%26id=XrCiQ1tXYuo.P'}}"
Man in Love,"{'streaming': {}, 'rent': {}, 'buy': {}}"
우리 세 사람,"{'streaming': {'Netflix': 'http://www.netflix.com/title/81361118'}, 'rent': {}, 'buy': {}}"
Playing with Sharks,"{'streaming': {}, 'rent': {}, 'buy': {}}"
유죄,"{'streaming': {'Netflix': 'http://www.netflix.com/title/81116486'}, 'rent': {}, 'buy': {}}"
Warning,"{'streaming': {}, 'rent': {}, 'buy': {}}"
너에게 가는 열차,"{'streaming': {'Netflix': 'http://www.netflix.com/title/81223599'}, 'rent': {}, 'buy': {}}"
A legjobb dolgokon bőgni kell,"{'streaming': {}, 'rent': {}, 'buy': {}}"
Rise of the Footsoldier: Origins,"{'streaming': {}, 'rent': {}, 'buy': {}}"
우연과 상상,"{'streaming': {}, 'rent': {}, 'buy': {}}"
피버 드림,"{'streaming': {}, 'rent': {}, 'buy': {}}"
나는보리,"{'streaming': {}, 'rent': {'wavve': 'https://www.wavve.com/player/movie?movieid=MV_CT01_MBC000013324', 'Google Play Movies': 'https://play.google.com/store/movies/details/%25EB%2582%2598%25EB%258A%2594%25EB%25B3%25B4%25EB%25A6%25AC?gl=KR%26hl=en%26id=yfFx9lbG5sQ.P'}, 'buy': {'Naver Store': 'http://serieson.naver.com/movie/detail.nhn?productNo=5193708', 'Google Play Movies': 'https://play.google.com/store/movies/details/%25EB%2582%2598%25EB%258A%2594%25EB%25B3%25B4%25EB%25A6%25AC?gl=KR%26hl=en%26id=yfFx9lbG5sQ.P'}}"
Getting Away with Murder,"{'streaming': {}, 'rent': {}, 'buy': {}}"
가족의 죄,"{'streaming': {'Netflix': 'http://www.netflix.com/title/81227758'}, 'rent': {}, 'buy': {}}"
초미의 관심사,"{'streaming': {}, 'rent': {'Naver Store': 'http://serieson.naver.com/movie/detail.nhn?productNo=5216008', 'wavve': 'https://www.wavve.com/player/movie?movieid=MV_CJ01_CA0000011727', 'Google Play Movies': 'https://play.google.com/store/movies/details/%25EC%25B4%2588%25EB%25AF%25B8%25EC%259D%2598_%25EA%25B4%2580%25EC%258B%25AC%25EC%2582%25AC?gl=KR%26hl=en%26id=fJo6ZCnlTq4.P'}, 'buy': {'Naver Store': 'http://serieson.naver.com/movie/detail.nhn?productNo=5216007', 'Google Play Movies': 'https://play.google.com/store/movies/details/%25EC%25B4%2588%25EB%25AF%25B8%25EC%259D%2598_%25EA%25B4%2580%25EC%258B%25AC%25EC%2582%25AC?gl=KR%26hl=en%26id=fJo6ZCnlTq4.P'}}"
Caleb,"{'streaming': {}, 'rent': {}, 'buy': {}}"
타이거테일,"{'streaming': {'Netflix': 'http://www.netflix.com/title/80202958'}, 'rent': {}, 'buy': {}}"
Life After The Navigator,"{'streaming': {'Plex': 'https://watch.plex.tv/movie/life-after-the-navigator?autoplay=1%26utm_source=justWatch-catalog%26utm_medium=deeplink%26utm_content=60a2f2e42252b6002c570134'}, 'rent': {}, 'buy': {}}"
American Underdog,"{'streaming': {}, 'rent': {}, 'buy': {}}"
아나스타시야,"{'streaming': {'Netflix': 'http://www.netflix.com/title/81312869'}, 'rent': {}, 'buy': {}}"
내가 사랑했던 모든 남자들에게 P.S. 여전히 널 사랑해,"{'streaming': {'Netflix': 'http://www.netflix.com/title/81030842'}, 'rent': {}, 'buy': {}}"
내가 못 한 그 연애: 감독판,"{'streaming': {'Netflix': 'http://www.netflix.com/title/81440771'}, 'rent': {}, 'buy': {}}"
크리스마스엔 죽인다,"{'streaming': {'Netflix': 'http://www.netflix.com/title/81342028'}, 'rent': {}, 'buy': {}}"
피터 태철: 세상이 미워한 남자,"{'streaming': {'Netflix': 'http://www.netflix.com/title/81422831'}, 'rent': {}, 'buy': {}}"
22 vs 지구,"{'streaming': {}, 'rent': {}, 'buy': {}}"
로그 시티,"{'streaming': {}, 'rent': {'wavve': 'https://www.wavve.com/player/movie?movieid=MV_CU01_DL0000012857', 'Google Play Movies': 'https://play.google.com/store/movies/details/%25EB%25A1%259C%25EA%25B7%25B8_%25EC%258B%259C%25ED%258B%25B0?gl=KR%26hl=en%26id=16HCGS0EAB8.P'}, 'buy': {'Google Play Movies': 'https://play.google.com/store/movies/details/%25EB%25A1%259C%25EA%25B7%25B8_%25EC%258B%259C%25ED%258B%25B0?gl=KR%26hl=en%26id=16HCGS0EAB8.P'}}"
럭키 몬스터,"{'streaming': {}, 'rent': {'Google Play Movies': 'https://play.google.com/store/movies/details/%25EB%259F%25AD%25ED%2582%25A4_%25EB%25AA%25AC%25EC%258A%25A4%25ED%2584%25B0?gl=KR%26hl=en%26id=YQK8MqD_nf4.P'}, 'buy': {'Google Play Movies': 'https://play.google.com/store/movies/details/%25EB%259F%25AD%25ED%2582%25A4_%25EB%25AA%25AC%25EC%258A%25A4%25ED%2584%25B0?gl=KR%26hl=en%26id=YQK8MqD_nf4.P'}}"
사라진 탄환,"{'streaming': {'Netflix': 'http://www.netflix.com/title/81108579'}, 'rent': {}, 'buy': {}}"
후쿠오카,"{'streaming': {'wavve': 'https://www.wavve.com/player/movie?movieid=MV_C901_SG0000132510', 'Watcha': 'https://watcha.com/contents/mW4YZYe'}, 'rent': {'wavve': 'https://www.wavve.com/player/movie?movieid=MV_C901_SG0000132510', 'Google Play Movies': 'https://play.google.com/store/movies/details/%25ED%259B%2584%25EC%25BF%25A0%25EC%2598%25A4%25EC%25B9%25B4?gl=KR%26hl=en%26id=_P0kOMAhYgA.P'}, 'buy': {'Naver Store': 'http://serieson.naver.com/movie/detail.nhn?productNo=5509569', 'Google Play Movies': 'https://play.google.com/store/movies/details/%25ED%259B%2584%25EC%25BF%25A0%25EC%2598%25A4%25EC%25B9%25B4?gl=KR%26hl=en%26id=_P0kOMAhYgA.P'}}"
혈육,"{'streaming': {}, 'rent': {}, 'buy': {}}"
스카이 샤크,"{'streaming': {}, 'rent': {}, 'buy': {}}"
The Loneliest Whale: The Search for 52,"{'streaming': {}, 'rent': {}, 'buy': {}}"
징글 쟁글: 저니의 크리스마스,"{'streaming': {'Netflix': 'http://www.netflix.com/title/80232043'}, 'rent': {}, 'buy': {}}"
래시 컴 홈,"{'streaming': {}, 'rent': {'wavve': 'https://www.wavve.com/player/movie?movieid=MV_TW01_TW0000000630'}, 'buy': {'Naver Store': 'http://serieson.naver.com/movie/detail.nhn?productNo=5838873'}}"
지저귀는 새는 날지 않는다,"{'streaming': {'wavve': 'https://www.wavve.com/player/movie?movieid=MV_CY01_CY000000020'}, 'rent': {'wavve': 'https://www.wavve.com/player/movie?movieid=MV_CY01_CY000000020', 'Google Play Movies': 'https://play.google.com/store/movies/details/%25EC%25A7%2580%25EC%25A0%2580%25EA%25B7%2580%25EB%258A%2594_%25EC%2583%2588%25EB%258A%2594_%25EB%2582%25A0%25EC%25A7%2580_%25EC%2595%258A%25EB%258A%2594%25EB%258B%25A4_%25EB%258D%2594%25EB%25B9%2599?gl=KR%26hl=en%26id=rDquSrb5nJE.P'}, 'buy': {}}"
섹시한 이웃 자매,"{'streaming': {}, 'rent': {}, 'buy': {}}"
미스 마르크스,"{'streaming': {}, 'rent': {}, 'buy': {}}"
두 교수의 은밀한 만남,"{'streaming': {'wavve': 'https://www.wavve.com/player/movie?movieid=MV_JA01_JA0000000644', 'Watcha': 'https://watcha.com/contents/mWq1kgl'}, 'rent': {'wavve': 'https://www.wavve.com/player/movie?movieid=MV_JA01_JA0000000644'}, 'buy': {'Naver Store': 'http://serieson.naver.com/movie/detail.nhn?productNo=6304686'}}"
숲의 비명: 사라진 사람들,"{'streaming': {}, 'rent': {'wavve': 'https://www.wavve.com/player/movie?movieid=MV_CX01_CX0000011562', 'Naver Store': 'http://serieson.naver.com/movie/detail.nhn?productNo=6549247', 'Google Play Movies': 'https://play.google.com/store/movies/details/%25EC%2588%25B2%25EC%259D%2598_%25EB%25B9%2584%25EB%25AA%2585_%25EC%2582%25AC%25EB%259D%25BC%25EC%25A7%2584_%25EC%2582%25AC%25EB%259E%258C%25EB%2593%25A4?gl=KR%26hl=en%26id=sP9cA-yn3HU.P'}, 'buy': {'Naver Store': 'http://serieson.naver.com/movie/detail.nhn?productNo=6549246'}}"
Falling for Figaro,"{'streaming': {}, 'rent': {}, 'buy': {}}"
인트로덕션,"{'streaming': {}, 'rent': {'Google Play Movies': 'https://play.google.com/store/movies/details/%25EC%259D%25B8%25ED%258A%25B8%25EB%25A1%259C%25EB%258D%2595%25EC%2585%2598?gl=KR%26hl=en%26id=T30xQ_Bu3jw.P', 'wavve': 'https://www.wavve.com/player/movie?movieid=MV_CJ01_CA0000011820'}, 'buy': {'Google Play Movies': 'https://play.google.com/store/movies/details/%25EC%259D%25B8%25ED%258A%25B8%25EB%25A1%259C%25EB%258D%2595%25EC%2585%2598?gl=KR%26hl=en%26id=T30xQ_Bu3jw.P'}}"
Kuruthi,"{'streaming': {'Amazon Prime Video': 'https://app.primevideo.com/detail?gti=amzn1.dv.gti.10799f8c-8128-4887-b574-7d04d20aed9a'}, 'rent': {}, 'buy': {}}"
The Right One,"{'streaming': {}, 'rent': {'Google Play Movies': 'https://play.google.com/store/movies/details/%25EB%258D%2594_%25EB%259D%25BC%25EC%259E%2587_%25EC%259B%2590?gl=KR%26hl=en%26id=h2-qx8-Eo4k.P'}, 'buy': {'Google Play Movies': 'https://play.google.com/store/movies/details/%25EB%258D%2594_%25EB%259D%25BC%25EC%259E%2587_%25EC%259B%2590?gl=KR%26hl=en%26id=h2-qx8-Eo4k.P'}}"
프렌즈기빙,"{'streaming': {}, 'rent': {}, 'buy': {}}"
아인보: 스피릿 오브 디 아마존,"{'streaming': {}, 'rent': {}, 'buy': {}}"
Daisy Quokka: World's Scariest Animal,"{'streaming': {}, 'rent': {}, 'buy': {}}"
나르시스의 수난,"{'streaming': {}, 'rent': {}, 'buy': {}}"
무신: 용의 귀환,"{'streaming': {}, 'rent': {'wavve': 'https://www.wavve.com/player/movie?movieid=MV_CU01_DL0000012927', 'Google Play Movies': 'https://play.google.com/store/movies/details/%25EB%25AC%25B4%25EC%258B%25A0_%25EC%259A%25A9%25EC%259D%2598_%25EA%25B7%2580%25ED%2599%2598?gl=KR%26hl=en%26id=ju5aMvq6wNY.P'}, 'buy': {'Naver Store': 'http://serieson.naver.com/movie/detail.nhn?productNo=6554644', 'Google Play Movies': 'https://play.google.com/store/movies/details/%25EB%25AC%25B4%25EC%258B%25A0_%25EC%259A%25A9%25EC%259D%2598_%25EA%25B7%2580%25ED%2599%2598?gl=KR%26hl=en%26id=ju5aMvq6wNY.P'}}"
꽃들의 집: 더 무비,"{'streaming': {'Netflix': 'http://www.netflix.com/title/81321375'}, 'rent': {}, 'buy': {}}"
특수요원,"{'streaming': {'Watcha': 'https://watcha.com/contents/m53mV0n'}, 'rent': {'wavve': 'https://www.wavve.com/player/movie?movieid=MV_CT01_MBC000013498', 'Google Play Movies': 'https://play.google.com/store/movies/details/%25ED%258A%25B9%25EC%2588%2598%25EC%259A%2594%25EC%259B%2590?gl=KR%26hl=en%26id=dh1D3B65uRA.P'}, 'buy': {'Naver Store': 'http://serieson.naver.com/movie/detail.nhn?productNo=5684055', 'Google Play Movies': 'https://play.google.com/store/movies/details/%25ED%258A%25B9%25EC%2588%2598%25EC%259A%2594%25EC%259B%2590?gl=KR%26hl=en%26id=dh1D3B65uRA.P'}}"
이블 아이,"{'streaming': {'Amazon Prime Video': 'https://app.primevideo.com/detail?gti=amzn1.dv.gti.9eba6ea7-e485-59ff-3f6b-3e121810b106'}, 'rent': {}, 'buy': {}}"
큐티스,"{'streaming': {'Netflix': 'http://www.netflix.com/title/81111198'}, 'rent': {}, 'buy': {}}"
캣츠 앤 독스 3: 퍼스 유나이트,"{'streaming': {}, 'rent': {}, 'buy': {}}"
타이거즈,"{'streaming': {}, 'rent': {}, 'buy': {}}"
재키의 링,"{'streaming': {}, 'rent': {}, 'buy': {}}"
백만달러와 시체,"{'streaming': {}, 'rent': {'wavve': 'https://www.wavve.com/player/movie?movieid=MV_NM01_NM000000216'}, 'buy': {}}"
Blood Moon,"{'streaming': {}, 'rent': {}, 'buy': {}}"
The Dark and the Wicked,"{'streaming': {}, 'rent': {}, 'buy': {}}"
मैदान,"{'streaming': {}, 'rent': {}, 'buy': {}}"
레고DC: 샤잠! 매직 앤 몬스터즈,"{'streaming': {}, 'rent': {'Google Play Movies': 'https://play.google.com/store/movies/details/%25EB%25A0%2588%25EA%25B3%25A0_DC_%25EC%2583%25A4%25EC%259E%25A0_%25EB%25A7%25A4%25EC%25A7%2581_%25EC%2595%25A4_%25EB%25AA%25AC%25EC%258A%25A4%25ED%2584%25B0%25EC%25A6%2588?gl=KR%26hl=en%26id=nzzKc7e4wXM.P', 'wavve': 'https://www.wavve.com/player/movie?movieid=MV_CD01_WR0000011595'}, 'buy': {'Google Play Movies': 'https://play.google.com/store/movies/details/%25EB%25A0%2588%25EA%25B3%25A0_DC_%25EC%2583%25A4%25EC%259E%25A0_%25EB%25A7%25A4%25EC%25A7%2581_%25EC%2595%25A4_%25EB%25AA%25AC%25EC%258A%25A4%25ED%2584%25B0%25EC%25A6%2588?gl=KR%26hl=en%26id=nzzKc7e4wXM.P', 'wavve': 'https://www.wavve.com/player/movie?movieid=MV_CD01_WR0000011595'}}"
디어 마이 지니어스,"{'streaming': {'wavve': 'https://www.wavve.com/player/movie?movieid=MV_C901_SG0000134121'}, 'rent': {'wavve': 'https://www.wavve.com/player/movie?movieid=MV_C901_SG0000134121', 'Google Play Movies': 'https://play.google.com/store/movies/details/%25EB%2594%2594%25EC%2596%25B4_%25EB%25A7%2588%25EC%259D%25B4_%25EC%25A7%2580%25EB%258B%2588%25EC%2596%25B4%25EC%258A%25A4?gl=KR%26hl=en%26id=ZDcxuDDmngM.P'}, 'buy': {'Naver Store': 'http://serieson.naver.com/movie/detail.nhn?productNo=5664320', 'Google Play Movies': 'https://play.google.com/store/movies/details/%25EB%2594%2594%25EC%2596%25B4_%25EB%25A7%2588%25EC%259D%25B4_%25EC%25A7%2580%25EB%258B%2588%25EC%2596%25B4%25EC%258A%25A4?gl=KR%26hl=en%26id=ZDcxuDDmngM.P'}}"
Jag-eun al guchul,"{'streaming': {}, 'rent': {}, 'buy': {}}"
Jeepers Creepers: Reborn,"{'streaming': {}, 'rent': {}, 'buy': {}}"
"아리아나 그란데: 익스큐즈 미, 아이 러브 유","{'streaming': {'Netflix': 'http://www.netflix.com/title/81238721'}, 'rent': {}, 'buy': {}}"
Death of a Ladies' Man,"{'streaming': {}, 'rent': {}, 'buy': {}}"
6번 칸,"{'streaming': {}, 'rent': {}, 'buy': {}}"
나의 사랑스러운 혁명가,"{'streaming': {}, 'rent': {}, 'buy': {}}"
고스트 랩,"{'streaming': {'Netflix': 'http://www.netflix.com/title/81306156'}, 'rent': {}, 'buy': {}}"
파리의 인어,"{'streaming': {'wavve': 'https://www.wavve.com/player/movie?movieid=MV_C901_SG0000131132', 'Watcha': 'https://watcha.com/contents/mWvqD9x'}, 'rent': {'wavve': 'https://www.wavve.com/player/movie?movieid=MV_C901_SG0000131132'}, 'buy': {'Naver Store': 'http://serieson.naver.com/movie/detail.nhn?productNo=5399052'}}"
화이트 온 화이트,"{'streaming': {'wavve': 'https://www.wavve.com/player/movie?movieid=MV_C901_SG0000138811', 'Watcha': 'https://watcha.com/contents/m5nXQ8y'}, 'rent': {'wavve': 'https://www.wavve.com/player/movie?movieid=MV_C901_SG0000138811', 'Google Play Movies': 'https://play.google.com/store/movies/details/%25ED%2599%2594%25EC%259D%25B4%25ED%258A%25B8_%25EC%2598%25A8_%25ED%2599%2594%25EC%259D%25B4%25ED%258A%25B8?gl=KR%26hl=en%26id=kMndD7DoZJc.P'}, 'buy': {'Naver Store': 'http://serieson.naver.com/movie/detail.nhn?productNo=6309471', 'Google Play Movies': 'https://play.google.com/store/movies/details/%25ED%2599%2594%25EC%259D%25B4%25ED%258A%25B8_%25EC%2598%25A8_%25ED%2599%2594%25EC%259D%25B4%25ED%258A%25B8?gl=KR%26hl=en%26id=kMndD7DoZJc.P'}}"
Roohi,"{'streaming': {}, 'rent': {}, 'buy': {}}"
트리거: 데스 배틀,"{'streaming': {}, 'rent': {'wavve': 'https://www.wavve.com/player/movie?movieid=MV_CK01_TCO000012759', 'Google Play Movies': 'https://play.google.com/store/movies/details/%25ED%258A%25B8%25EB%25A6%25AC%25EA%25B1%25B0_%25EB%258D%25B0%25EC%258A%25A4_%25EB%25B0%25B0%25ED%258B%2580?gl=KR%26hl=en%26id=pcsuJitx99E.P'}, 'buy': {'Google Play Movies': 'https://play.google.com/store/movies/details/%25ED%258A%25B8%25EB%25A6%25AC%25EA%25B1%25B0_%25EB%258D%25B0%25EC%258A%25A4_%25EB%25B0%25B0%25ED%258B%2580?gl=KR%26hl=en%26id=pcsuJitx99E.P'}}"
워크 잇,"{'streaming': {'Netflix': 'http://www.netflix.com/title/81132038'}, 'rent': {}, 'buy': {}}"
The Show,"{'streaming': {}, 'rent': {}, 'buy': {}}"
Alle hater Johan,"{'streaming': {}, 'rent': {}, 'buy': {}}"
더 레이싱: 불타는 서킷,"{'streaming': {'Netflix': 'http://www.netflix.com/title/81227923'}, 'rent': {}, 'buy': {}}"
최선의 삶,"{'streaming': {}, 'rent': {}, 'buy': {}}"
파티마의 기적,"{'streaming': {'Watcha': 'https://watcha.com/contents/mOkLpbg'}, 'rent': {'wavve': 'https://www.wavve.com/player/movie?movieid=MV_TW01_TW0000000620'}, 'buy': {'Naver Store': 'http://serieson.naver.com/movie/detail.nhn?productNo=5784105'}}"
네이트 바가치: 가장 보통의 미국인,"{'streaming': {'Netflix': 'http://www.netflix.com/title/81248586'}, 'rent': {}, 'buy': {}}"
홈룸,"{'streaming': {}, 'rent': {}, 'buy': {}}"
García y García,"{'streaming': {}, 'rent': {}, 'buy': {}}"
நெற்றிக்கண்,"{'streaming': {}, 'rent': {}, 'buy': {}}"
비트를 느껴봐,"{'streaming': {'Netflix': 'http://www.netflix.com/title/80994878'}, 'rent': {}, 'buy': {}}"
당신의 사월,"{'streaming': {}, 'rent': {'wavve': 'https://www.wavve.com/player/movie?movieid=MV_CJ01_CA0000011800', 'Naver Store': 'http://serieson.naver.com/movie/detail.nhn?productNo=6147090', 'Google Play Movies': 'https://play.google.com/store/movies/details/%25EB%258B%25B9%25EC%258B%25A0%25EC%259D%2598_%25EC%2582%25AC%25EC%259B%2594?gl=KR%26hl=en%26id=LC62qCQzB5E.P'}, 'buy': {'Naver Store': 'http://serieson.naver.com/movie/detail.nhn?productNo=6147089', 'Google Play Movies': 'https://play.google.com/store/movies/details/%25EB%258B%25B9%25EC%258B%25A0%25EC%259D%2598_%25EC%2582%25AC%25EC%259B%2594?gl=KR%26hl=en%26id=LC62qCQzB5E.P'}}"
손오공3 - 천마대전,"{'streaming': {}, 'rent': {'wavve': 'https://www.wavve.com/player/movie?movieid=MV_C3001_C300000012466'}, 'buy': {'Naver Store': 'http://serieson.naver.com/movie/detail.nhn?productNo=6093511'}}"
7 Prisoners,"{'streaming': {}, 'rent': {}, 'buy': {}}"
"There Is No ""I"" in Threesome","{'streaming': {}, 'rent': {}, 'buy': {}}"
미셸 오바마의 비커밍,"{'streaming': {'Netflix': 'http://www.netflix.com/title/81122487'}, 'rent': {}, 'buy': {}}"
Karnan,"{'streaming': {'Amazon Prime Video': 'https://app.primevideo.com/detail?gti=amzn1.dv.gti.30f01c7b-c9ce-429d-a550-9decb071f906'}, 'rent': {}, 'buy': {}}"
말름크로그,"{'streaming': {'Mubi': 'https://mubi.com/films/malmkrog'}, 'rent': {}, 'buy': {}}"
열여섯 봄,"{'streaming': {}, 'rent': {}, 'buy': {}}"
The Seekers: A Night of Thrills,"{'streaming': {}, 'rent': {}, 'buy': {}}"
Descarrilados,"{'streaming': {}, 'rent': {}, 'buy': {}}"
신용문객잔2 : 대막강호,"{'streaming': {}, 'rent': {'Google Play Movies': 'https://play.google.com/store/movies/details/%25EC%258B%25A0%25EC%259A%25A9%25EB%25AC%25B8%25EA%25B0%259D%25EC%259E%25942_%25EB%258C%2580%25EB%25A7%2589%25EA%25B0%2595%25ED%2598%25B8?gl=KR%26hl=en%26id=6v8qGDGeXvg.P'}, 'buy': {'Naver Store': 'http://serieson.naver.com/movie/detail.nhn?productNo=6521254', 'Google Play Movies': 'https://play.google.com/store/movies/details/%25EC%258B%25A0%25EC%259A%25A9%25EB%25AC%25B8%25EA%25B0%259D%25EC%259E%25942_%25EB%258C%2580%25EB%25A7%2589%25EA%25B0%2595%25ED%2598%25B8?gl=KR%26hl=en%26id=6v8qGDGeXvg.P'}}"
Colette,"{'streaming': {}, 'rent': {}, 'buy': {}}"
꿈꾸는 고양이,"{'streaming': {}, 'rent': {'wavve': 'https://www.wavve.com/player/movie?movieid=MV_CJ01_CA0000011849', 'Google Play Movies': 'https://play.google.com/store/movies/details/%25EA%25BF%2588%25EA%25BE%25B8%25EB%258A%2594_%25EA%25B3%25A0%25EC%2596%2591%25EC%259D%25B4?gl=KR%26hl=en%26id=MAwrwKagtck.P'}, 'buy': {'Google Play Movies': 'https://play.google.com/store/movies/details/%25EA%25BF%2588%25EA%25BE%25B8%25EB%258A%2594_%25EA%25B3%25A0%25EC%2596%2591%25EC%259D%25B4?gl=KR%26hl=en%26id=MAwrwKagtck.P'}}"
First Date,"{'streaming': {'BroadwayHD': 'https://www.broadwayhd.com/movies/AXdjv6MFUBt2HP4hZW9J'}, 'rent': {}, 'buy': {}}"
Holly Slept Over,"{'streaming': {}, 'rent': {'Google Play Movies': 'https://play.google.com/store/movies/details/%25ED%2599%2580%25EB%25A6%25AC%25EC%2599%2580%25EC%259D%2598_%25EC%25A3%25BC%25EB%25A7%2590?gl=KR%26hl=en%26id=LO3mkYECXb8.P'}, 'buy': {'Google Play Movies': 'https://play.google.com/store/movies/details/%25ED%2599%2580%25EB%25A6%25AC%25EC%2599%2580%25EC%259D%2598_%25EC%25A3%25BC%25EB%25A7%2590?gl=KR%26hl=en%26id=LO3mkYECXb8.P'}}"
Ennio: The Maestro,"{'streaming': {}, 'rent': {}, 'buy': {}}"
더스트워커,"{'streaming': {}, 'rent': {'Google Play Movies': 'https://play.google.com/store/movies/details/%25EB%258D%2594%25EC%258A%25A4%25ED%258A%25B8%25EC%259B%258C%25EC%25BB%25A4?gl=KR%26hl=en%26id=4592MFd2p5I.P'}, 'buy': {'Google Play Movies': 'https://play.google.com/store/movies/details/%25EB%258D%2594%25EC%258A%25A4%25ED%258A%25B8%25EC%259B%258C%25EC%25BB%25A4?gl=KR%26hl=en%26id=4592MFd2p5I.P'}}"
헤어지기 전 우리가 해야 할 10가지,"{'streaming': {'wavve': 'https://www.wavve.com/player/movie?movieid=MV_CL01_JY0000012356', 'Watcha': 'https://watcha.com/contents/m5YLlnE'}, 'rent': {'wavve': 'https://www.wavve.com/player/movie?movieid=MV_CL01_JY0000012356'}, 'buy': {'Naver Store': 'http://serieson.naver.com/movie/detail.nhn?productNo=5658687', 'Google Play Movies': 'https://play.google.com/store/movies/details/%25ED%2597%25A4%25EC%2596%25B4%25EC%25A7%2580%25EA%25B8%25B0_%25EC%25A0%2584_%25EC%259A%25B0%25EB%25A6%25AC%25EA%25B0%2580_%25ED%2595%25B4%25EC%2595%25BC_%25ED%2595%25A0_10%25EA%25B0%2580%25EC%25A7%2580?gl=KR%26hl=en%26id=paKBdyLQ9cM.P'}}"
스마일 페이스 킬러,"{'streaming': {}, 'rent': {'wavve': 'https://www.wavve.com/player/movie?movieid=MV_C901_SG0000135339', 'Google Play Movies': 'https://play.google.com/store/movies/details/%25EC%258A%25A4%25EB%25A7%2588%25EC%259D%25BC_%25ED%258E%2598%25EC%259D%25B4%25EC%258A%25A4_%25ED%2582%25AC%25EB%259F%25AC?gl=KR%26hl=en%26id=v8kvevrbEgk.P'}, 'buy': {'Google Play Movies': 'https://play.google.com/store/movies/details/%25EC%258A%25A4%25EB%25A7%2588%25EC%259D%25BC_%25ED%258E%2598%25EC%259D%25B4%25EC%258A%25A4_%25ED%2582%25AC%25EB%259F%25AC?gl=KR%26hl=en%26id=v8kvevrbEgk.P'}}"
Tango Shalom,"{'streaming': {}, 'rent': {}, 'buy': {}}"
Needle in a Timestack,"{'streaming': {}, 'rent': {}, 'buy': {}}"
El lodo,"{'streaming': {}, 'rent': {}, 'buy': {}}"
The Humans,"{'streaming': {}, 'rent': {}, 'buy': {}}"
도굴꾼,"{'streaming': {}, 'rent': {'wavve': 'https://www.wavve.com/player/movie?movieid=MV_LX01_LX0000000671'}, 'buy': {'Naver Store': 'http://serieson.naver.com/movie/detail.nhn?productNo=5889758', 'Google Play Movies': 'https://play.google.com/store/movies/details/%25EB%258F%2584%25EA%25B5%25B4%25EA%25BE%25BC?gl=KR%26hl=en%26id=9FQWUomgdHY.P'}}"
Copilot,"{'streaming': {}, 'rent': {}, 'buy': {}}"
백발마녀전,"{'streaming': {'wavve': 'https://www.wavve.com/player/movie?movieid=MV_CU01_DL0000012829'}, 'rent': {'wavve': 'https://www.wavve.com/player/movie?movieid=MV_CU01_DL0000012829', 'Google Play Movies': 'https://play.google.com/store/movies/details/%25EB%25B0%25B1%25EB%25B0%259C%25EB%25A7%2588%25EB%2585%2580%25EC%25A0%2584?gl=KR%26hl=en%26id=7cq1KA6Pypg.P'}, 'buy': {'Naver Store': 'http://serieson.naver.com/movie/detail.nhn?productNo=6093508', 'Google Play Movies': 'https://play.google.com/store/movies/details/%25EB%25B0%25B1%25EB%25B0%259C%25EB%25A7%2588%25EB%2585%2580%25EC%25A0%2584?gl=KR%26hl=en%26id=7cq1KA6Pypg.P'}}"
Disobedient,"{'streaming': {}, 'rent': {}, 'buy': {}}"
Dawn of the Beast,"{'streaming': {}, 'rent': {}, 'buy': {}}"
Jennifer Aniston: More Than Friends,"{'streaming': {'Plex': 'https://watch.plex.tv/movie/jennifer-aniston-more-than-friends?autoplay=1%26utm_source=justWatch-catalog%26utm_medium=deeplink%26utm_content=60241f61ff582d002c6f6bd1'}, 'rent': {}, 'buy': {}}"
게스트 하우스,"{'streaming': {'wavve': 'https://www.wavve.com/player/movie?movieid=MV_AE01_AE000000007'}, 'rent': {}, 'buy': {}}"
보복,"{'streaming': {'BroadwayHD': 'https://www.broadwayhd.com/movies/AXcCXn5rUBt2HP4hZUv1'}, 'rent': {}, 'buy': {}}"
The Manor,"{'streaming': {}, 'rent': {}, 'buy': {}}"
비탄의 정글,"{'streaming': {'Netflix': 'http://www.netflix.com/title/81341214'}, 'rent': {}, 'buy': {}}"
Ghosts,"{'streaming': {}, 'rent': {}, 'buy': {}}"
Una famiglia mostruosa,"{'streaming': {}, 'rent': {}, 'buy': {}}"
패덤,"{'streaming': {}, 'rent': {}, 'buy': {}}"
비밀의 정원,"{'streaming': {}, 'rent': {'wavve': 'https://www.wavve.com/player/movie?movieid=MV_EN01_EN000000920', 'Naver Store': 'http://serieson.naver.com/movie/detail.nhn?productNo=6150720'}, 'buy': {'wavve': 'https://www.wavve.com/player/movie?movieid=MV_EN01_EN000000920', 'Naver Store': 'http://serieson.naver.com/movie/detail.nhn?productNo=6150719'}}"
웬디고: 전설의 몬스터,"{'streaming': {}, 'rent': {'wavve': 'https://www.wavve.com/player/movie?movieid=MV_C3001_C300000012429'}, 'buy': {'Naver Store': 'http://serieson.naver.com/movie/detail.nhn?productNo=5843928', 'Google Play Movies': 'https://play.google.com/store/movies/details/%25EC%259B%25AC%25EB%2594%2594%25EA%25B3%25A0_%25EC%25A0%2584%25EC%2584%25A4%25EC%259D%2598_%25EB%25AA%25AC%25EC%258A%25A4%25ED%2584%25B0?gl=KR%26hl=en%26id=5hmSE9S__tc.P'}}"
Shadow and Bone - The Afterparty,"{'streaming': {'Netflix': 'http://www.netflix.com/title/81351076'}, 'rent': {}, 'buy': {}}"
오 마이 파더!,"{'streaming': {'Netflix': 'http://www.netflix.com/title/81344237'}, 'rent': {}, 'buy': {}}"
Narasimhapuram,"{'streaming': {}, 'rent': {}, 'buy': {}}"
메가 샤크,"{'streaming': {}, 'rent': {'wavve': 'https://www.wavve.com/player/movie?movieid=MV_CT01_MBC000013686', 'Google Play Movies': 'https://play.google.com/store/movies/details/%25EB%25A9%2594%25EA%25B0%2580_%25EC%2583%25A4%25ED%2581%25AC?gl=KR%26hl=en%26id=gouiLXyINv8.P'}, 'buy': {'Naver Store': 'http://serieson.naver.com/movie/detail.nhn?productNo=6516171', 'Google Play Movies': 'https://play.google.com/store/movies/details/%25EB%25A9%2594%25EA%25B0%2580_%25EC%2583%25A4%25ED%2581%25AC?gl=KR%26hl=en%26id=gouiLXyINv8.P'}}"
Truth or Consequences,"{'streaming': {'Mubi': 'https://mubi.com/films/truth-or-consequences'}, 'rent': {}, 'buy': {}}"
어스 인베이젼,"{'streaming': {}, 'rent': {'wavve': 'https://www.wavve.com/player/movie?movieid=MV_EM01_EM000000124'}, 'buy': {'Google Play Movies': 'https://play.google.com/store/movies/details/%25EC%2596%25B4%25EC%258A%25A4_%25EC%259D%25B8%25EB%25B2%25A0%25EC%259D%25B4%25EC%25A0%25BC?gl=KR%26hl=en%26id=PpjASzihOZc.P'}}"
썰,"{'streaming': {}, 'rent': {}, 'buy': {'Google Play Movies': 'https://play.google.com/store/movies/details/%25EC%258D%25B0?gl=KR%26hl=en%26id=Sl8kHlYk1ck.P'}}"
I and the Stupid Boy,"{'streaming': {'Mubi': 'https://mubi.com/films/i-and-the-stupid-boy'}, 'rent': {}, 'buy': {}}"
The Lift,"{'streaming': {'Amazon Prime Video': 'https://app.primevideo.com/detail?gti=amzn1.dv.gti.16ba8f2d-96a5-7515-c539-67d839343437'}, 'rent': {}, 'buy': {}}"
Around the World in 80 Days,"{'streaming': {}, 'rent': {}, 'buy': {}}"
2025 - The World enslaved by a Virus,"{'streaming': {'Plex': 'https://watch.plex.tv/movie/2025-the-world-enslaved-by-a-virus?autoplay=1%26utm_source=justWatch-catalog%26utm_medium=deeplink%26utm_content=607e78040b47aa0036f721b5'}, 'rent': {}, 'buy': {}}"
킬 모드,"{'streaming': {'wavve': 'https://www.wavve.com/player/movie?movieid=MV_CU01_DL0000012348', 'Watcha': 'https://watcha.com/contents/mdKD19z'}, 'rent': {'wavve': 'https://www.wavve.com/player/movie?movieid=MV_CU01_DL0000012348', 'Google Play Movies': 'https://play.google.com/store/movies/details/%25ED%2582%25AC_%25EB%25AA%25A8%25EB%2593%259C?gl=KR%26hl=en%26id=jtUwKBN3q1Q.P'}, 'buy': {'Naver Store': 'http://serieson.naver.com/movie/detail.nhn?productNo=5246245', 'Google Play Movies': 'https://play.google.com/store/movies/details/%25ED%2582%25AC_%25EB%25AA%25A8%25EB%2593%259C?gl=KR%26hl=en%26id=jtUwKBN3q1Q.P'}}"
엄마의 남자친구,"{'streaming': {}, 'rent': {}, 'buy': {}}"
정도,"{'streaming': {'Netflix': 'http://www.netflix.com/title/81212831'}, 'rent': {}, 'buy': {}}"
베놈 2: 렛 데어 비 카니지,"{'streaming': {}, 'rent': {}, 'buy': {}}"
My Little Sister,"{'streaming': {}, 'rent': {}, 'buy': {}}"
스탠드업 베스트 2020,"{'streaming': {'Netflix': 'http://www.netflix.com/title/81297141'}, 'rent': {}, 'buy': {}}"
피원에이치: 새로운 세계의 시작,"{'streaming': {}, 'rent': {'wavve': 'https://www.wavve.com/player/movie?movieid=MV_CI01_LE0000011247'}, 'buy': {'wavve': 'https://www.wavve.com/player/movie?movieid=MV_CI01_LE0000011247'}}"
기문둔갑,"{'streaming': {}, 'rent': {'wavve': 'https://www.wavve.com/player/movie?movieid=MV_CK01_TCO000012703', 'Google Play Movies': 'https://play.google.com/store/movies/details/%25EA%25B8%25B0%25EB%25AC%25B8%25EB%2591%2594%25EA%25B0%2591?gl=KR%26hl=en%26id=YJ6-WEZnwlI.P'}, 'buy': {'Naver Store': 'http://serieson.naver.com/movie/detail.nhn?productNo=6158882', 'Google Play Movies': 'https://play.google.com/store/movies/details/%25EA%25B8%25B0%25EB%25AC%25B8%25EB%2591%2594%25EA%25B0%2591?gl=KR%26hl=en%26id=YJ6-WEZnwlI.P'}}"
Losmen Bu Broto,"{'streaming': {}, 'rent': {}, 'buy': {}}"
Ottolenghi and the Cakes of Versailles,"{'streaming': {}, 'rent': {}, 'buy': {}}"
Dogworld,"{'streaming': {}, 'rent': {}, 'buy': {}}"
빅 히트,"{'streaming': {}, 'rent': {}, 'buy': {}}"
크리스마스에 날아갑니다,"{'streaming': {'Netflix': 'http://www.netflix.com/title/81026186'}, 'rent': {}, 'buy': {}}"
맛있는 과외누나,"{'streaming': {}, 'rent': {}, 'buy': {}}"
30 Days Max,"{'streaming': {}, 'rent': {}, 'buy': {}}"
아빠와 아들,"{'streaming': {}, 'rent': {}, 'buy': {}}"
Run This Town,"{'streaming': {}, 'rent': {'Google Play Movies': 'https://play.google.com/store/movies/details/%25EA%25B7%25B8%25EB%2593%25A4%25EB%25A7%258C%25EC%259D%2598_%25EB%258F%2584%25EC%258B%259C?gl=KR%26hl=en%26id=658YS9pVYy4.P'}, 'buy': {'Google Play Movies': 'https://play.google.com/store/movies/details/%25EA%25B7%25B8%25EB%2593%25A4%25EB%25A7%258C%25EC%259D%2598_%25EB%258F%2584%25EC%258B%259C?gl=KR%26hl=en%26id=658YS9pVYy4.P'}}"
메모리아,"{'streaming': {}, 'rent': {}, 'buy': {}}"
시간여행자의 고백: 3036년 전 남자,"{'streaming': {'Plex': 'https://watch.plex.tv/movie/confessions-of-a-time-traveler-the-man-from-3036?autoplay=1%26utm_source=justWatch-catalog%26utm_medium=deeplink%26utm_content=607e736b92112d0035220088'}, 'rent': {}, 'buy': {}}"
조셉,"{'streaming': {}, 'rent': {}, 'buy': {}}"
테이큰 하드체이싱,"{'streaming': {}, 'rent': {'wavve': 'https://www.wavve.com/player/movie?movieid=MV_C3001_C300000012468'}, 'buy': {'Naver Store': 'http://serieson.naver.com/movie/detail.nhn?productNo=6116300', 'Google Play Movies': 'https://play.google.com/store/movies/details/%25ED%2585%258C%25EC%259D%25B4%25ED%2581%25B0_%25ED%2595%2598%25EB%2593%259C%25EC%25B2%25B4%25EC%259D%25B4%25EC%258B%25B1?gl=KR%26hl=en%26id=n0jZ4Iddgt0.P'}}"
AK 대 AK,"{'streaming': {'Netflix': 'http://www.netflix.com/title/81227759'}, 'rent': {}, 'buy': {}}"
전설의 킬러: 아킬라,"{'streaming': {}, 'rent': {'wavve': 'https://www.wavve.com/player/movie?movieid=MV_JA01_JA0000000654'}, 'buy': {'Google Play Movies': 'https://play.google.com/store/movies/details/%25EC%25A0%2584%25EC%2584%25A4%25EC%259D%2598_%25ED%2582%25AC%25EB%259F%25AC_%25EC%2595%2584%25ED%2582%25AC%25EB%259D%25BC?gl=KR%26hl=en%26id=kokDj7KhAwI.P', 'wavve': 'https://www.wavve.com/player/movie?movieid=MV_JA01_JA0000000654'}}"
뜨겁게 젖은 그녀의 비밀,"{'streaming': {}, 'rent': {}, 'buy': {}}"
Three Heroes and The Horse on The Throne,"{'streaming': {}, 'rent': {}, 'buy': {}}"
Here & After,"{'streaming': {}, 'rent': {}, 'buy': {}}"
The Crypt Monster,"{'streaming': {}, 'rent': {}, 'buy': {}}"
얼룩진 네트워크: 어느 저널리스트의 죽음,"{'streaming': {'Netflix': 'http://www.netflix.com/title/81047904'}, 'rent': {}, 'buy': {}}"
호문쿨루스,"{'streaming': {'Netflix': 'http://www.netflix.com/title/81179841'}, 'rent': {}, 'buy': {}}"
Dogtanian and the Three Muskehounds,"{'streaming': {}, 'rent': {}, 'buy': {}}"
Oasis,"{'streaming': {}, 'rent': {}, 'buy': {}}"
갱스터라 불린 사나이,"{'streaming': {'Netflix': 'http://www.netflix.com/title/81417659'}, 'rent': {}, 'buy': {}}"
극한수업 2,"{'streaming': {}, 'rent': {}, 'buy': {}}"
South of Heaven,"{'streaming': {}, 'rent': {}, 'buy': {}}"
Bull,"{'streaming': {}, 'rent': {'Google Play Movies': 'https://play.google.com/store/movies/details/%25EB%25B6%2588%25EB%259D%25BC%25EC%259D%25B4%25EB%258D%2594?gl=KR%26hl=en%26id=nL_AP3-sfVQ.P'}, 'buy': {'Google Play Movies': 'https://play.google.com/store/movies/details/%25EB%25B6%2588%25EB%259D%25BC%25EC%259D%25B4%25EB%258D%2594?gl=KR%26hl=en%26id=nL_AP3-sfVQ.P'}}"
The Savior for Sale,"{'streaming': {}, 'rent': {}, 'buy': {}}"
룸싸롱 여대생들 3,"{'streaming': {}, 'rent': {}, 'buy': {}}"
숀 멘데스 스토리,"{'streaming': {'Netflix': 'http://www.netflix.com/title/80212798'}, 'rent': {}, 'buy': {}}"
Eyes on the Prize: Hallowed Ground,"{'streaming': {}, 'rent': {}, 'buy': {}}"
Generation Beziehungsunfähig,"{'streaming': {}, 'rent': {}, 'buy': {}}"
"아무튼, 아담","{'streaming': {'Watcha': 'https://watcha.com/contents/m5YLaYw'}, 'rent': {'wavve': 'https://www.wavve.com/player/movie?movieid=MV_C901_SG0000130599'}, 'buy': {'Naver Store': 'http://serieson.naver.com/movie/detail.nhn?productNo=5315198'}}"
Little Vampire,"{'streaming': {}, 'rent': {}, 'buy': {}}"
바바 야가: 숲의 악령,"{'streaming': {'Watcha': 'https://watcha.com/contents/mWq19rK'}, 'rent': {'wavve': 'https://www.wavve.com/player/movie?movieid=MV_TW01_TW0000000651'}, 'buy': {'Naver Store': 'http://serieson.naver.com/movie/detail.nhn?productNo=5948090', 'Google Play Movies': 'https://play.google.com/store/movies/details/%25EB%25B0%2594%25EB%25B0%2594%25EC%2595%25BC%25EA%25B0%2580_%25EC%2588%25B2%25EC%259D%2598_%25EC%2595%2585%25EB%25A0%25B9?gl=KR%26hl=en%26id=xh0kBM6ZfFQ.P'}}"
그녀의 사회주의 미소,"{'streaming': {}, 'rent': {}, 'buy': {}}"
Relaxer,"{'streaming': {}, 'rent': {'Spamflix': 'https://spamflix.com/film.do?methodcall=details%26uidfilm=e0eb72f4-fbf3-4106-9aae-3fdd62152dc0'}, 'buy': {}}"
The Addams Family 2,"{'streaming': {}, 'rent': {}, 'buy': {}}"
앱스,"{'streaming': {}, 'rent': {}, 'buy': {}}"
"Civil War (Or, Who Do We Think We Are)","{'streaming': {}, 'rent': {}, 'buy': {}}"
Leave No Traces,"{'streaming': {}, 'rent': {}, 'buy': {}}"
Wild Dog,"{'streaming': {}, 'rent': {}, 'buy': {}}"
Oeconomia,"{'streaming': {}, 'rent': {}, 'buy': {}}"
기도하는 남자,"{'streaming': {'Netflix': 'http://www.netflix.com/title/81396515'}, 'rent': {'wavve': 'https://www.wavve.com/player/movie?movieid=MV_CJ01_CA0000011692', 'Naver Store': 'http://serieson.naver.com/movie/detail.nhn?productNo=4939030', 'Google Play Movies': 'https://play.google.com/store/movies/details/%25EA%25B8%25B0%25EB%258F%2584%25ED%2595%2598%25EB%258A%2594_%25EB%2582%25A8%25EC%259E%2590?gl=KR%26hl=en%26id=QVanQOunWU8.P'}, 'buy': {'Naver Store': 'http://serieson.naver.com/movie/detail.nhn?productNo=4939029', 'Google Play Movies': 'https://play.google.com/store/movies/details/%25EA%25B8%25B0%25EB%258F%2584%25ED%2595%2598%25EB%258A%2594_%25EB%2582%25A8%25EC%259E%2590?gl=KR%26hl=en%26id=QVanQOunWU8.P'}}"
가슴 큰 앞집 소녀,"{'streaming': {}, 'rent': {}, 'buy': {}}"
Kurz manželské touhy,"{'streaming': {}, 'rent': {}, 'buy': {}}"
바다로 가자,"{'streaming': {}, 'rent': {'wavve': 'https://www.wavve.com/player/movie?movieid=MV_C3001_C300000012256'}, 'buy': {'Naver Store': 'http://serieson.naver.com/movie/detail.nhn?productNo=5266567', 'Google Play Movies': 'https://play.google.com/store/movies/details/%25EB%25B0%2594%25EB%258B%25A4%25EB%25A1%259C_%25EA%25B0%2580%25EC%259E%2590?gl=KR%26hl=en%26id=vgcUQq6gV-M.P'}}"
C.I.Ape,"{'streaming': {}, 'rent': {}, 'buy': {}}"
안녕 아모르,"{'streaming': {'Mubi': 'https://mubi.com/films/farewell-amor'}, 'rent': {}, 'buy': {}}"
Sky Tour: The Movie,"{'streaming': {'Netflix': 'http://www.netflix.com/title/81318380'}, 'rent': {}, 'buy': {}}"
,"{'streaming': {'Netflix': 'http://www.netflix.com/title/81258970'}, 'rent': {}, 'buy': {}}"
Notorious Nick,"{'streaming': {}, 'rent': {}, 'buy': {}}"
Searching for Valentina: The World of Guido Crepax,"{'streaming': {}, 'rent': {}, 'buy': {}}"
메리 J. 블라이지의 마이 라이프,"{'streaming': {'Amazon Prime Video': 'https://app.primevideo.com/detail?gti=amzn1.dv.gti.0b5a51f6-4df4-4680-bcec-9647bc20d796'}, 'rent': {}, 'buy': {}}"
짐 제프리스: 나는 못 참아,"{'streaming': {'Netflix': 'http://www.netflix.com/title/81121954'}, 'rent': {}, 'buy': {}}"
고블린 슬레이어 -GOBLIN'S CROWN-,"{'streaming': {}, 'rent': {}, 'buy': {'Google Play Movies': 'https://play.google.com/store/movies/details/%25EA%25B3%25A0%25EB%25B8%2594%25EB%25A6%25B0_%25EC%258A%25AC%25EB%25A0%2588%25EC%259D%25B4%25EC%2596%25B4_%25EA%25B3%25A0%25EB%25B8%2594%25EB%25A6%25B0%25EC%25A6%2588_%25ED%2581%25AC%25EB%259D%25BC%25EC%259A%25B4?gl=KR%26hl=en%26id=4Q1dhulPvdQ.P', 'Naver Store': 'http://serieson.naver.com/movie/detail.nhn?productNo=5355950'}}"
다니 로비라: 미움에 관하여,"{'streaming': {'Netflix': 'http://www.netflix.com/title/81211702'}, 'rent': {}, 'buy': {}}"
Goblin,"{'streaming': {'Plex': 'https://watch.plex.tv/movie/goblin-2020?autoplay=1%26utm_source=justWatch-catalog%26utm_medium=deeplink%26utm_content=609ecf3baba564002dd5684b'}, 'rent': {}, 'buy': {}}"
Incision,"{'streaming': {}, 'rent': {}, 'buy': {}}"
돈의 맛 : 금지된 거래,"{'streaming': {}, 'rent': {'wavve': 'https://www.wavve.com/player/movie?movieid=MV_CK01_TCO000012552', 'Google Play Movies': 'https://play.google.com/store/movies/details/%25EB%258F%2588%25EC%259D%2598_%25EB%25A7%259B_%25EA%25B8%2588%25EC%25A7%2580%25EB%2590%259C_%25EA%25B1%25B0%25EB%259E%2598?gl=KR%26hl=en%26id=js82xMdnipM.P'}, 'buy': {'Naver Store': 'http://serieson.naver.com/movie/detail.nhn?productNo=5509549', 'Google Play Movies': 'https://play.google.com/store/movies/details/%25EB%258F%2588%25EC%259D%2598_%25EB%25A7%259B_%25EA%25B8%2588%25EC%25A7%2580%25EB%2590%259C_%25EA%25B1%25B0%25EB%259E%2598?gl=KR%26hl=en%26id=js82xMdnipM.P'}}"
Monte Verità,"{'streaming': {}, 'rent': {}, 'buy': {}}"
말을 잃은 사람들,"{'streaming': {}, 'rent': {}, 'buy': {}}"
Spider-Man: No Way Home,"{'streaming': {}, 'rent': {}, 'buy': {}}"
Owls: Masters of the Night,"{'streaming': {'Curiosity Stream': 'https://app.curiositystream.com/video/3642'}, 'rent': {}, 'buy': {}}"
전쟁과 평화,"{'streaming': {}, 'rent': {}, 'buy': {}}"
Zerre: Pendekar Ufuk Timur,"{'streaming': {}, 'rent': {}, 'buy': {}}"
Koati,"{'streaming': {}, 'rent': {}, 'buy': {}}"
스푸키즈 극장판 : 비밀과외,"{'streaming': {'Watcha': 'https://watcha.com/contents/mOkL4aM'}, 'rent': {'wavve': 'https://www.wavve.com/player/movie?movieid=MV_C901_SG0000130981', 'Google Play Movies': 'https://play.google.com/store/movies/details/%25EC%258A%25A4%25ED%2591%25B8%25ED%2582%25A4%25EC%25A6%2588_%25EA%25B7%25B9%25EC%259E%25A5%25ED%258C%2590_%25EB%25B9%2584%25EB%25B0%2580%25EA%25B3%25BC%25EC%2599%25B8?gl=KR%26hl=en%26id=YxAPkMnG0-w.P'}, 'buy': {'Naver Store': 'http://serieson.naver.com/movie/detail.nhn?productNo=5404440', 'Google Play Movies': 'https://play.google.com/store/movies/details/%25EC%258A%25A4%25ED%2591%25B8%25ED%2582%25A4%25EC%25A6%2588_%25EA%25B7%25B9%25EC%259E%25A5%25ED%258C%2590_%25EB%25B9%2584%25EB%25B0%2580%25EA%25B3%25BC%25EC%2599%25B8?gl=KR%26hl=en%26id=YxAPkMnG0-w.P'}}"
마르쿠스의 비밀,"{'streaming': {}, 'rent': {}, 'buy': {}}"
Riverdance: The Animated Adventure,"{'streaming': {}, 'rent': {}, 'buy': {}}"
Eric Andre: Legalize Everything,"{'streaming': {'Netflix': 'http://www.netflix.com/title/80216229'}, 'rent': {}, 'buy': {}}"
아리아 : 더 크레푸스콜로,"{'streaming': {}, 'rent': {'wavve': 'https://www.wavve.com/player/movie?movieid=MV_EB01_EB000000078', 'Naver Store': 'http://serieson.naver.com/movie/detail.nhn?productNo=6599874', 'Google Play Movies': 'https://play.google.com/store/movies/details/%25EC%2595%2584%25EB%25A6%25AC%25EC%2595%2584_%25EB%258D%2594_%25ED%2581%25AC%25EB%25A0%2588%25ED%2591%25B8%25EC%258A%25A4%25EC%25BD%259C%25EB%25A1%259C?gl=KR%26hl=en%26id=rEkBs8q0wxw.P'}, 'buy': {'Naver Store': 'http://serieson.naver.com/movie/detail.nhn?productNo=6599873', 'Google Play Movies': 'https://play.google.com/store/movies/details/%25EC%2595%2584%25EB%25A6%25AC%25EC%2595%2584_%25EB%258D%2594_%25ED%2581%25AC%25EB%25A0%2588%25ED%2591%25B8%25EC%258A%25A4%25EC%25BD%259C%25EB%25A1%259C?gl=KR%26hl=en%26id=rEkBs8q0wxw.P'}}"
Picture a Scientist,"{'streaming': {'Netflix': 'http://www.netflix.com/title/81303549'}, 'rent': {}, 'buy': {}}"
Maanaadu,"{'streaming': {}, 'rent': {}, 'buy': {}}"
A Normal World,"{'streaming': {}, 'rent': {}, 'buy': {}}"
군잔 삭세나: 더 카르길 걸,"{'streaming': {'Netflix': 'http://www.netflix.com/title/81292944'}, 'rent': {}, 'buy': {}}"
피터팬의 꿈,"{'streaming': {}, 'rent': {}, 'buy': {}}"
테일러 톰린슨: 반半중년의 위기,"{'streaming': {'Netflix': 'http://www.netflix.com/title/81157965'}, 'rent': {}, 'buy': {}}"
Becoming Cousteau,"{'streaming': {}, 'rent': {}, 'buy': {}}"
피어리스,"{'streaming': {'Netflix': 'http://www.netflix.com/title/81252403'}, 'rent': {}, 'buy': {}}"
더블 파파,"{'streaming': {'Netflix': 'http://www.netflix.com/title/81175170'}, 'rent': {}, 'buy': {}}"
Ahir Shah: Dots,"{'streaming': {}, 'rent': {}, 'buy': {}}"
Midnight,"{'streaming': {}, 'rent': {}, 'buy': {}}"
The Seven Deadly Sins the Movie: Cursed by Light,"{'streaming': {}, 'rent': {}, 'buy': {}}"
엑소시즘 : 잠들지 못하는 시간,"{'streaming': {'wavve': 'https://www.wavve.com/player/movie?movieid=MV_CU01_DL0000012264'}, 'rent': {'wavve': 'https://www.wavve.com/player/movie?movieid=MV_CU01_DL0000012264', 'Google Play Movies': 'https://play.google.com/store/movies/details/%25EC%2597%2591%25EC%2586%258C%25EC%258B%259C%25EC%25A6%2598_%25EB%258D%2594%25EC%25BB%25A4%25EB%25B2%2584%25EB%2584%258C%25ED%258A%25B8?gl=KR%26hl=en%26id=BGK5gfO3ob8.P'}, 'buy': {'Naver Store': 'http://serieson.naver.com/movie/detail.nhn?productNo=5090214', 'Google Play Movies': 'https://play.google.com/store/movies/details/%25EC%2597%2591%25EC%2586%258C%25EC%258B%259C%25EC%25A6%2598_%25EB%258D%2594%25EC%25BB%25A4%25EB%25B2%2584%25EB%2584%258C%25ED%258A%25B8?gl=KR%26hl=en%26id=BGK5gfO3ob8.P'}}"
Rainfalls,"{'streaming': {'Filmzie': 'https://filmzie.com/content/rainfalls'}, 'rent': {}, 'buy': {}}"
A Garota Invisível,"{'streaming': {}, 'rent': {}, 'buy': {}}"
Girasoles silvestres,"{'streaming': {}, 'rent': {}, 'buy': {}}"
외계인이 내 몸을 훔쳤다,"{'streaming': {}, 'rent': {}, 'buy': {}}"
메넨데스: 구마의 기록,"{'streaming': {'Netflix': 'http://www.netflix.com/title/81281882'}, 'rent': {}, 'buy': {}}"
서핑업,"{'streaming': {}, 'rent': {'Google Play Movies': 'https://play.google.com/store/movies/details/%25EC%2584%259C%25ED%2595%2591%25EC%2597%2585?gl=KR%26hl=en%26id=oRM3jW9i-tQ.P', 'wavve': 'https://www.wavve.com/player/movie?movieid=MV_JA01_JA0000000647', 'Naver Store': 'http://serieson.naver.com/movie/detail.nhn?productNo=6399154'}, 'buy': {'wavve': 'https://www.wavve.com/player/movie?movieid=MV_JA01_JA0000000647', 'Naver Store': 'http://serieson.naver.com/movie/detail.nhn?productNo=6399153'}}"
산해거수,"{'streaming': {'wavve': 'https://www.wavve.com/player/movie?movieid=MV_C901_SG0000137821'}, 'rent': {'wavve': 'https://www.wavve.com/player/movie?movieid=MV_C901_SG0000137821'}, 'buy': {'Naver Store': 'http://serieson.naver.com/movie/detail.nhn?productNo=6211322'}}"
페럴 월드,"{'streaming': {'Watcha': 'https://watcha.com/contents/md7Yyr1'}, 'rent': {'wavve': 'https://www.wavve.com/player/movie?movieid=MV_NM01_NM000000197'}, 'buy': {'Naver Store': 'http://serieson.naver.com/movie/detail.nhn?productNo=5865474', 'Google Play Movies': 'https://play.google.com/store/movies/details/%25ED%258E%2598%25EB%259F%25B4_%25EC%259B%2594%25EB%2593%259C?gl=KR%26hl=en%26id=C6t-HRdTWtA.P'}}"
의료폐기물의 공포,"{'streaming': {}, 'rent': {}, 'buy': {}}"
애프터 블루 (더티 파라다이스),"{'streaming': {}, 'rent': {}, 'buy': {}}"
Goddess of the Fireflies,"{'streaming': {}, 'rent': {}, 'buy': {}}"
Love,"{'streaming': {}, 'rent': {}, 'buy': {}}"
Saina,"{'streaming': {'Amazon Prime Video': 'https://app.primevideo.com/detail?gti=amzn1.dv.gti.b6bc65f0-a24c-14da-0d88-ce115f8607cb'}, 'rent': {}, 'buy': {}}"
실종: 사라진 사람들,"{'streaming': {}, 'rent': {'Naver Store': 'http://serieson.naver.com/movie/detail.nhn?productNo=6039575', 'Google Play Movies': 'https://play.google.com/store/movies/details/%25EC%258B%25A4%25EC%25A2%2585_%25EC%2582%25AC%25EB%259D%25BC%25EC%25A7%2584_%25EC%2582%25AC%25EB%259E%258C%25EB%2593%25A4?gl=KR%26hl=en%26id=jTfVhO5nrSw.P'}, 'buy': {'Naver Store': 'http://serieson.naver.com/movie/detail.nhn?productNo=6039574', 'Google Play Movies': 'https://play.google.com/store/movies/details/%25EC%258B%25A4%25EC%25A2%2585_%25EC%2582%25AC%25EB%259D%25BC%25EC%25A7%2584_%25EC%2582%25AC%25EB%259E%258C%25EB%2593%25A4?gl=KR%26hl=en%26id=jTfVhO5nrSw.P'}}"
The Next Step,"{'streaming': {'Plex': 'https://watch.plex.tv/movie/the-next-step-2020?autoplay=1%26utm_source=justWatch-catalog%26utm_medium=deeplink%26utm_content=60b14865299452002c2b05a4'}, 'rent': {}, 'buy': {}}"
Chacun chez soi,"{'streaming': {}, 'rent': {}, 'buy': {}}"
Do You Need A Husband?,"{'streaming': {}, 'rent': {'wavve': 'https://www.wavve.com/player/movie?movieid=MV_AN01_AN0000000455', 'Naver Store': 'http://serieson.naver.com/movie/detail.nhn?productNo=6447559'}, 'buy': {}}"
The Predators,"{'streaming': {}, 'rent': {}, 'buy': {}}"
Pulk,"{'streaming': {}, 'rent': {}, 'buy': {}}"
Emicida AmarElo Live in Sao Paulo,"{'streaming': {'Netflix': 'http://www.netflix.com/title/81354431'}, 'rent': {}, 'buy': {}}"
